City,Place
manali,1. capture the sceneries of old manali
manali,2. engage in the adventures of solang valley
manali,3. jogini waterfall
manali,4. hadimba temple
manali,5. rohtang pass
manali,6. parvati valley
manali,7. sethan valley
manali,8. gulp some maggi by the jana waterfall
manali,9. arjun gufa
manali,10. peek into the history of manu temple
manali,11. bathe in the hot springs of manikaran
manali,12. paraglide in the skies
manali,13. atal tunnel
manali,14. sissu
manali,15. take a dip in the vashisht baths
manali,16. tour in the museum of himachal culture & folk art
manali,17. picnic in van vihar
manali,18. rafting
manali,19. naggar
manali,20. bhrigu lake
manali,21. kullu
manali,22. adventure activities
manali,23. ski in the chilling snow
manali,24. trek to cafes in malana
manali,25. himalaya nyingmapa buddhist temple
manali,26. hike through the kothi village
manali,27. trek through the great himalayan national park
manali,28. dwell the landscape of gulaba
manali,29. rahala falls
manali,30. trek to the beas kund
manali,31. trek the hampta pass
manali,32. chill at the club house
manali,33. explore the wildlife at manali sanctuary
manali,34. pray at the jagatsukh temple
manali,35. click pictures at nehru kund
manali,36. chandrakhani pass and the parvati valley
manali,37. bara bhangal kalihani trek
manali,38. hampta valley
manali,39. deo tibba base camp trek
manali,40. gayatri temple
manali,41. gadhan thekchhokling gompa monastery
manali,42. pray at siyali mahadev temple
manali,43. keylong
manali,44. trek to the chandratal baralacha lake
manali,45. marvel at the gauri shankar temple
manali,46. rozy waterfalls
manali,47. zorbing in manali
manali,48. winter carnival manali
manali,49. roerich art gallery and estate
manali,50. bhunter
leh ladakh,1. pangong lake
leh ladakh,2. khardung la pass
leh ladakh,3. nubra valley
leh ladakh,4. sangam
leh ladakh,5. shanti stupa
leh ladakh,6. tso moriri lake
leh ladakh,7. magnetic hill
leh ladakh,8. hall of fame museum
leh ladakh,9. thiksey monastery
leh ladakh,10. zanskar valley
leh ladakh,11. shey monastery and palace
leh ladakh,12. stok palace
leh ladakh,13. hemis monastery
leh ladakh,14. white water rafting
leh ladakh,15. pathar sahib gurudwara
leh ladakh,16. kargil
leh ladakh,17. likir monastery
leh ladakh,18. alchi
leh ladakh,19. spituk monastery
leh ladakh," 20. diskit monastery, lachung temple and hundur monastery. "
leh ladakh," 21. bactarian camel safari, nubra valley "
leh ladakh,22. leh palace
leh ladakh,23. tso kar lake
leh ladakh," 24. hemis high altitude wildlife sanctuary, hemis "
leh ladakh,25. chadar trek
leh ladakh,26. hunder village
leh ladakh,27. taglang la
leh ladakh,28. turtuk
leh ladakh,29. hundur monastery
leh ladakh," 30. phuktal monastery, zanskar "
leh ladakh,31. lamayuru town
leh ladakh,32. stargazing
leh ladakh,33. chang la pass
leh ladakh,34. chemrey monastery
leh ladakh,35. namgyal tsemo gompa
leh ladakh,36. ladakh trekking
leh ladakh,37. sankar gompa
leh ladakh,38. lachung temple
leh ladakh,39. druk white lotus school
leh ladakh,40. city shopping
leh ladakh,41. dah hanu
leh ladakh,42. sindhu darshan festival
leh ladakh,43. changtang wildlife sanctuary
leh ladakh,44. nyoma
leh ladakh,45. mountain biking
leh ladakh," 46. panamik village, nubra valley "
leh ladakh," 47. yarab tso, sumur "
leh ladakh," 48. moonland, lamayuru "
leh ladakh,49. darcha to padum trek
leh ladakh," 50. maitreya buddha, nubra valley "
leh ladakh,51. shyok valley
leh ladakh,52. handicrafts industrial cooperative shop
coorg,1. abbey falls
coorg,2. raja's seat
coorg,3. coffee plantations in coorg
coorg,4. golden temple (namdroling monastery)
coorg,5. trek & camp at tadiandamol peak
coorg,6. take a dip under the iruppu falls
coorg,7. talacauvery
coorg,8. take a walk in madikeri fort
coorg," 9. white river rafting in barapole river, coorg "
coorg,10. dubare elephant camp
coorg,11. omkareshwara temple
coorg,12. honnamana kere lake
coorg,13. brahmagiri wildlife sanctuary
coorg,14. gaddige raja's tomb
coorg,15. trekking
coorg,16. take a safari through nagarhole national park
coorg,17. engage in the adventures around somwarpet
coorg,18. honey valley - nilakandi falls
coorg,19. ayurvedic treatments
coorg,20. pushpagiri wildlife sanctuary
coorg,21. bhagamandala
coorg,22. shopping in coorg
coorg,23. brahmagiri trek
coorg,24. mallalli falls
coorg,25. kutta
coorg,26. angling (fishing) in coorg
coorg,27. kopatty hills
coorg,28. rameshwara temple
coorg,29. chettali
coorg,30. nalakunad palace
coorg,31. bird watching
coorg,32. mandalpatti
coorg,33. virajpet
coorg,34. nishani motte trek
andaman,1. cellular jail
andaman,2. elephant beach
andaman,3. neil island
andaman,4. radhanagar beach
andaman,5. baratang island
andaman,6. night kayaking in andaman
andaman,7. scuba diving in andaman
andaman,8. mount harriet national park
andaman,9. north bay island
andaman,10. bharatpur beach
andaman,11. water sports in andamans
andaman,12. ross island
andaman,13. laxmanpur beach 1
andaman,14. laxmanpur beach 2
andaman,15. corbyn's cove
andaman,16. chidiya tapu
andaman,17. mahatma gandhi marine national park
andaman,18. kalapathar beach
andaman,19. seakart in andaman
andaman,20. snorkeling in andamans
andaman," 21. howrah bridge, andaman "
andaman,22. glass bottom dolphin boat
andaman,23. city shopping
andaman,24. long island
andaman,25. jolly buoy island
andaman,26. rajiv gandhi water sports complex
andaman,27. amkunj beach
andaman,28. little andaman
andaman,29. mangrove creeks in andaman
andaman,30. guitar island beach
andaman,31. barren island
andaman,32. anthropological museum
andaman,33. sitapur beach
andaman,34. viper island
andaman,35. narcondam island
andaman,36. wandoor beach
andaman,37. sea walking in andaman
andaman,38. boat trips andaman
andaman,39. mangrove kayaking
andaman,40. vijaynagar beach
andaman,41. trekking in andaman
andaman,42. samudrika naval marine museum
andaman,43. chatham saw mill
andaman,44. cinque island
andaman,45. sandbar beach
andaman,46. rutland island
andaman,47. parrot island
andaman,48. diglipur
andaman,49. saddle peak national park
andaman,50. lalaji bay beach
andaman,51. stewart island beach
andaman,52. limestone caves andaman
lakshadweep,1. minicoy island
lakshadweep,2. agatti islands
lakshadweep,3. bangaram island
lakshadweep,4. scuba diving in lakshadweep
lakshadweep,5. kavaratti islands
lakshadweep,6. kalpeni island
lakshadweep,7. water sports
lakshadweep,8. marine museum
lakshadweep,9. kadmat
lakshadweep,10. city shopping
lakshadweep,11. amindivi islands
lakshadweep,12. andretti island
lakshadweep," 13. lighthouse, minicoy island "
lakshadweep,14. yacht cruise
lakshadweep,15. parasailing in lakshadweep
goa,1. fun time in calangute beach
goa,2. fort aguada
goa,3. dine on a cruise
goa,4. water sports in goa
goa,5. behold to dudhsagar waterfalls
goa,6. adventures of anjuna beach
goa,7. chapora fort
goa,8. thalassa
goa,9. basilica of bom jesus
goa,10. go clubbing by the baga beach
goa,11. butterfly beach
goa,12. divar island
goa,13. scuba diving in goa
goa,14. go shopping in goa
goa,15. explore dona paula
goa,16. arambol beach
goa,17. vagator beach
goa,18. fontainhas and sao tome
goa,19. church of our lady of the immaculate conception
goa," 20. party at the tito's, calangute "
goa,21. brittos
goa," 22. mambos, calangute "
goa," 23. club lpk - love passion karma, candolim "
goa,24. anjuna flea market
goa,25. relax at the palolem beach
goa,26. bungee jumping in goa
goa,27. rejuvenate by spas and massages
goa,28. colva beach
goa,29. morjim beach
goa,30. casino
goa,31. agonda beach
goa,32. candolim beach
goa,33. se cathedral
goa,34. cavelossim beach
goa,35. patnem beach
goa,36. betalbatim beach
goa,37. fort tiracol
goa,38. grande island
goa,39. bhagwan mahavir sanctuary
goa,40. arvalem waterfalls
goa,41. mollem national park
goa,42. sunburn festival
goa,43. carnival in goa
goa,44. church of st. cajetan
goa,45. bambolim beach
goa,46. butterfly conservatory of goa
goa,47. sri mahadeva temple
goa,48. church of st francis of assisi
goa,49. cabo de rama beach
goa,50. monastery of st augustine
goa,51. savoi plantation
goa,52. ashwem beach
udaipur,1. city palace
udaipur,2. sunset cruising over lake pichola
udaipur,3. sajjangarh palace
udaipur,4. bagore ki haveli
udaipur,5. jag mandir palace
udaipur,6. eklingji temple
udaipur,7. ahar cenotaphs
udaipur,8. jagdish temple
udaipur,9. boating over fateh sagar lake
udaipur,10. saheliyon ki bari
udaipur,11. ambrai ghat
udaipur,12. admire the nature in gulabh bagh and zoo
udaipur,13. view the sunset at jaisamand lake
udaipur,14. under the sun aquarium
udaipur,15. sukhadia circle
udaipur,16. vintage car museum
udaipur,17. bharatiya lok kala museum
udaipur,18. shilp gram
udaipur,19. take a ride of mansapurna karni ropeway
udaipur,20. doodh talai musical garden
udaipur,21. apparel shopping in hathi pol bazar
udaipur,22. neemach mata temple
udaipur,23. wax museum udaipur
udaipur,24. crystal gallery
udaipur,25. menar
udaipur,26. maharana pratap smarak
udaipur,27. art shopping in bada bazar
udaipur,28. rajiv gandhi park
udaipur,29. nehru garden
udaipur,30. sahastrabahu temple
udaipur,31. sajjangarh biological park
udaipur,32. manik lal verma park
udaipur,33. food in udaipur
udaipur,34. pratap park
udaipur,35. trekking in udaipur
udaipur,36. taj lake palace
udaipur,37. bada mahal
udaipur,38. haldighaati
udaipur,39. marvel water park
udaipur,40. badi lake
udaipur,41. take an evening walk in chetak circle
udaipur,42. jeel water park
srinagar,1. dal lake
srinagar,2. shalimar bagh
srinagar,3. shikara ride
srinagar,4. shankaracharya temple
srinagar,5. indira gandhi memorial tulip garden
srinagar,6. stay in a houseboat
srinagar,7. nishat bagh
srinagar,8. nigeen lake
srinagar,9. hot air balloon in srinagar
srinagar,10. chashm-e-shahi
srinagar,11. pari mahal
srinagar,12. hazratbal shrine
srinagar,13. hari parbat
srinagar,14. sinthan top
srinagar,15. char chinar
srinagar,16. sps museum
srinagar,17. yusmarg
srinagar,18. salim ali national park
srinagar,19. paragliding in srinagar
srinagar,20. jamia masjid
srinagar,21. badamwari garden
srinagar,22. dastgeer sahib
srinagar,23. challi point
srinagar,24. nehru garden
srinagar,25. burzhama ruins
srinagar,26. kheer bhawani temple
srinagar,27. tarsar marsar trek
srinagar,28. apple orchards
srinagar,29. dachigam national park
srinagar,30. tulip festival in srinagar
srinagar,31. city shopping
srinagar,32. makhdoom sahib shrine
srinagar,33. charar-i-sharif
srinagar,34. floating vegetable market
srinagar,35. wular lake
srinagar,36. baramulla
srinagar,37. chinar park
srinagar,38. khanqah of shah hamdan
srinagar,39. anantnag
srinagar,40. chatti padshahi gurudwara
srinagar,41. kathi darwaza
gangtok,1. nathu la pass
gangtok,2. mg road
gangtok,3. rumtek monastery
gangtok,4. tsomgo lake
gangtok,5. ganesh tok
gangtok,6. namgyal institute of tibetology
gangtok,7. kanchenjunga
gangtok,8. baba mandir
gangtok,9. mangan
gangtok,10. himalayan zoological park
gangtok,11. reshi hot springs
gangtok,12. kabi longstok
gangtok,13. seven sisters waterfalls
gangtok,14. tinkitam
gangtok,15. flower exhibition centre
gangtok,16. do drul chorten
gangtok,17. saramsa garden
gangtok,18. hanuman tok
gangtok,19. paragliding
gangtok,20. tashi view point
gangtok,21. tsuk la khang monastery
gangtok,22. shingba rhododendron sanctuary
gangtok,23. banjhakri falls
gangtok,24. ranka monastery
gangtok,25. enchey monastery
gangtok,26. saga dawa
gangtok,27. international flower festival in gangtok
gangtok,28. gangtok ropeway
gangtok,29. yak safari
gangtok,30. mountain biking in gangtok
gangtok,31. 9’ine native cuisine
gangtok,32. baker's cafe
gangtok,33. phodong monastery
munnar,1. munnar tea plantations
munnar,2. atukkad waterfalls
munnar,3. soak the vibe of rose garden
munnar,4. tata tea or kdhp museum
munnar,5. sunset at pothamedu view point
munnar,6. picnc at mattupetti dam
munnar,7. witness a combat at kalari kshethra
munnar,8. munnar jeep safari
munnar,9. witness the neelakurinji blooming spectacle at top station
munnar,10. pose at the photo point
munnar,11. eravikulam (rajamalai) national park
munnar,12. spend a day at wonder valley adventure and amusement park
munnar,13. spa & massages in munnar
munnar,14. meet the wildlife at anamudi peak inside eravikulam national park
munnar,15. kundala dam & lake
munnar,16. tree houses in munnar
munnar,17. shout out at the echo point
munnar,18. chokramudi peak
munnar,19. sunset over the lock heart gap
munnar,20. wet your toes by the cheeyappara waterfalls
munnar,21. trek & camp in chinnar wildlife sanctuary
munnar,22. marayoor
munnar,23. meesapulimala
munnar,24. indo swiss dairy farm
munnar,25. lakkom water falls
munnar,26. spend an evening at the blossom park
munnar,27. pallivasal falls
munnar,28. trekking
munnar,29. chinnakanal waterfalls
munnar,30. sevenmallay tea estate
munnar,31. mountain biking in munnar
munnar,32. kolukkumalai tea estate
munnar,33. chithirapuram
munnar,34. bird watching at salim ali bird sanctuary
munnar,35. tea shopping
munnar,36. lockhart tea museum
munnar,37. nyayamakad waterfalls
munnar,38. pallivasal tea garden
munnar,39. kuthumkal waterfalls
munnar,40. wait and watch at the elephant arrival spot
munnar,41. rock climbing and rappelling
munnar,42. high range club
munnar,43. mattupetti indo-swiss farm
munnar,44. floriculture centre
munnar,45. valara falls
munnar,46. csi christ church
munnar,47. elephant lake
munnar,48. anayirankal dam
varkala,1. water sports in varkala
varkala,2. varkala beach
varkala,3. edava beach
varkala,4. mangrove forest kayaking
varkala,5. thiruvambadi beach
varkala,6. anjengo fort
varkala,7. sivagiri mutt
varkala,8. ponnumthuruthu
varkala,9. janardhanaswamy temple
varkala,10. varkala cliff
varkala,11. vishnu temple
varkala,12. kaduvayil juma masjid
varkala,13. varkala lighthouse
varkala,14. kappil lake
varkala,15. asparagus
varkala,16. kappil beach
varkala,17. varkala aquarium
varkala,18. varkala tunnel
varkala,19. saint sebastian's pilgrim church moongode
varkala,20. sarkara devi temple
varkala,21. chilakoor beach
varkala,22. arattu festival in janardhanaswamy temple
varkala,23. darjeeling cafe
varkala,24. inda cafe
mcleodganj,1. bhagsu falls
mcleodganj,2. namgyal monastery
mcleodganj,3. bhagsunath temple
mcleodganj,4. triund
mcleodganj,5. naddi view point
mcleodganj,6. dal lake
mcleodganj,7. shiva cafe
mcleodganj,8. trekking
mcleodganj,9. kalachakra temple
mcleodganj,10. norbulingka institute
mcleodganj,11. dharamkot
mcleodganj,12. tibetan institute of performing arts
mcleodganj,13. sunset cafe
mcleodganj,14. naam art gallery
mcleodganj,15. tibetan museum
mcleodganj,16. dharamshala to mcleodganj ropeway
mcleodganj,17. church of st. johns in the wilderness
mcleodganj,18. minkiani pass
mcleodganj,19. masroor rock cut temple
mcleodganj,20. city shopping
mcleodganj,21. dalai lama temple
mcleodganj," 22. kangra fort, kangra "
mcleodganj,23. homestays in mcleodganj
mcleodganj,24. camping in mcleodganj
mcleodganj,25. paragliding in mcleodganj
mcleodganj,26. gallu devi temple
mcleodganj,27. gallu devi waterfall
mcleodganj,28. kareri lake trek
mcleodganj,29. indrahar pass trek
mcleodganj,30. tushita meditation centre
mcleodganj,31. vipassana meditation centre
mcleodganj," 32. kareri lake, kangra "
mcleodganj,33. pong dam
mcleodganj,34. tibet kitchen
mcleodganj," 35. baglamukhi temple, kangra "
mcleodganj," 36. bajreshwari temple, kangra "
mcleodganj," 37. kangra art museum, kangra "
mcleodganj," 38. kaleshwar mahadev temple, kangra "
mcleodganj,39. body temple
mcleodganj,40. thatharana trek
mcleodganj,41. laka glacier trek
mcleodganj,42. illiterati books & cafe
rishikesh,1. rafting in rishikesh
rishikesh,2. take a walk over the lakshman jhula
rishikesh,3. sunset on the triveni ghat
rishikesh,4. attend the famous ganga aarti
rishikesh,5. cliff jumping
rishikesh,6. camping
rishikesh,7. neelkantha mahadeva temple
rishikesh,8. find peace in the beatles ashram
rishikesh,9. flying fox
rishikesh,10. bungee jumping in rishikesh
rishikesh,11. tera manzil temple
rishikesh,12. camping at kaudiyala
rishikesh,13. camping in the kuari pass
rishikesh,14. neer garh waterfall
rishikesh,15. geeta bhawan
rishikesh,16. bharat mandir
rishikesh,17. muni ki reti
rishikesh,18. jadh ganga trek
rishikesh,19. swarg ashram
rishikesh,20. jumpin heights
rishikesh,21. take a dip in rishi kund
rishikesh,22. take a walk over ram jhula
rishikesh,23. piran kaliyar sharif
rishikesh,24. byasi
rishikesh,25. omkarananda ashram
rishikesh,26. sivananda ashram
rishikesh,27. kunjapuri devi temple
rishikesh,28. raghunath temple
rishikesh,29. meditate at the swami dayananda ashram
rishikesh,30. parmarth niketan ashram
rishikesh,31. yoga centres
rishikesh,32. rejuvenate in the spa & wellness centers
rishikesh,33. take cooking classes
rishikesh,34. vashista gufa
rishikesh,35. andhra ashram
rishikesh,36. anand prakash ashram
rishikesh,37. madhuban ashram
rishikesh,38. himalayan yog ashram
rishikesh,39. nirmal ashram
rishikesh,40. osho ganga ashram
rishikesh,41. phool chatti ashram
rishikesh,42. sadhaka grama ashram
rishikesh,43. virbhadra temple
rishikesh,44. vanprastha ashram
rishikesh,45. garudchatti waterfall
rishikesh,46. patna waterfalls
rishikesh,47. himshail waterfalls
rishikesh,48. phool chatti waterfalls
rishikesh,49. rappelling and rock climbing
rishikesh,50. mountain biking
rishikesh,51. kayaking in rishikesh
rishikesh," 52. international yoga festival, parmarth niketan ashram "
alleppey,1. houseboats
alleppey,2. marari beach
alleppey,3. alappuzha beach
alleppey,4. ambalapuzha sree krishna temple
alleppey,5. st. mary's forane church
alleppey,6. krishnapuram palace
alleppey,7. pathiramanal
alleppey,8. kayaking in alleppey
alleppey,9. vembanad lake
alleppey,10. backwaters
alleppey,11. nehru trophy snake boat race
alleppey,12. bay island driftwood museum
alleppey,13. revi karunakaran museum
alleppey,14. punnapra beach
alleppey,15. thottappally beach
alleppey,16. spa & massage in alleppey
alleppey,17. pallippuram
alleppey,18. edathua church
alleppey,19. kuttanad
alleppey,20. coir weaving in alleppey
alleppey,21. punnamada lake
alleppey,22. st. andrew's basilica arthunkal
alleppey,23. chettikulangara devi temple
alleppey,24. mannarasala sree nagaraja temple
alleppey,25. karumadikkuttan
alleppey,26. vijay beach park
alleppey,27. mullakkal rajeshwari temple
alleppey,28. thumpoly beach
alleppey,29. alappuzha lighthouse
alleppey,30. pandavan para
alleppey,31. international coir museum
alleppey,32. haripad sree subrahmanya swamy temple
alleppey,33. arthunkal beach
alleppey,34. thaikal beach
darjeeling,1. darjeeling himalayan railway
darjeeling,2. tiger hill
darjeeling,3. batasia loop
darjeeling,4. darjeeling ropeway
darjeeling,5. himalayan mountaineering institute
darjeeling,6. nightingale park
darjeeling,7. rock garden
darjeeling,8. singalila national park
darjeeling,9. japanese peace pagoda
darjeeling,10. sandakphu trek
darjeeling,11. river rafting in teesta
darjeeling,12. tea plantations
darjeeling,13. city shopping
darjeeling,14. padmaja naidu himalayan zoological park
darjeeling,15. tinchuley
darjeeling,16. happy valley tea estate
darjeeling,17. observatory hill
darjeeling,18. monastries in darjeeling
darjeeling,19. trekking
darjeeling,20. ghoom monastery
darjeeling,21. bengal natural history museum
darjeeling,22. lamahatta eco park
darjeeling,23. lepchajagat
nainital,1. naini lake
nainital,2. snow view point
nainital,3. the mall road
nainital,4. tiffin top (dorothy's seat)
nainital,5. eco cave gardens
nainital,6. high altitude zoo
nainital,7. naina devi temple
nainital,8. nainital ropeway
nainital,9. naina peak
nainital,10. neem karoli baba ashram
nainital,11. land's end
nainital,12. bhimtal
nainital,13. sattal
nainital,14. governor's house
nainital,15. pangot
nainital,16. himalayan view point
nainital,17. tibetan market
nainital,18. gurney house
nainital,19. st john wilderness church
nainital,20. jeolikot
nainital,21. hanuman garhi
nainital,22. mukteshwar temple
nainital,23. khurpa taal
nainital,24. ranikhet
nainital,25. astronomical observatory
nainital,26. naukuchiatal
nainital,27. sariya tal
nainital,28. peora
nainital,29. himalayan centre of sri aurobindo ashram
nainital,30. jim corbett national park
nainital,31. sitabani
nainital,32. bhowali
nainital,33. kainchi dham
shimla,1. ridge
shimla,2. mall road
shimla,3. jakhoo temple
shimla,4. kufri
shimla,5. toy train to kalka
shimla,6. green valley
shimla,7. chail
shimla,8. visceral lodge
shimla,9. institute of advanced studies
shimla,10. christ church
shimla,11. kalibari temple
shimla,12. narkanda
shimla,13. naldehra
shimla,14. himalayan bird park
shimla,15. cafe simla times
shimla,16. annadale
shimla,17. himachal state museum
shimla,18. tara devi temple
shimla,19. scandal point
shimla,20. rothney castle
shimla,21. theog
shimla,22. shimla reserve forest sanctuary
shimla,23. tattapani
shimla,24. skiing in kufri
shimla,25. chadwick falls
shimla,26. lakkar bazar
shimla,27. jakhoo ropeway
shimla,28. gaiety heritage cultural complex
shimla,29. gorton castle
shimla,30. bantony castle
shimla,31. gurudwara sahib
shimla,32. pabbar valley
shimla,33. horse riding
shimla,34. kasauli
shimla,35. naggar castle
shimla,36. solan
shimla,37. mashobra
shimla,38. fagu
shimla,39. shoghi
shimla,40. ice skating
shimla,41. wake & bake
shimla,42. cafe hide out
shimla,43. wild flower hall hotel
shimla,44. retreat building
shimla,45. heritage walk
shimla,46. bharara fair
shimla,47. bhoj fair
shimla,48. chanshal pass
shimla,49. lavi fair
shimla,50. kharapathar
shimla,51. shimla summer festival
shimla,52. hatkoti
ooty,1. nilgiri mountain railway
ooty,2. ooty lake
ooty,3. emerald lake
ooty,4. ooty botanical gardens
ooty,5. dolphin's nose
ooty,6. ooty rose garden
ooty,7. avalanche lake
ooty,8. doddabetta peak
ooty,9. st stephen's church
ooty,10. thread garden
ooty,11. trekking
ooty," 12. kalhatti falls, bellikkal "
ooty,13. tiger hill
ooty," 14. kotagiri, coonoor "
ooty,15. kamraj sagar lake
ooty,16. annamalai temple
ooty," 17. droog fort, coonoor "
ooty," 18. lamb's rock, coonoor "
ooty," 19. simi's park, coonoor "
ooty," 20. catherine falls, coonoor "
ooty,21. upper bhavani lake
ooty," 22. bison valley, bellikkal "
ooty,23. pykara lake
ooty,24. wenlock downs
ooty,25. thunder world
ooty,26. ketti valley view
ooty,27. cairn hill
ooty,28. adamês fountain
ooty,29. elk hill murugan temple
ooty,30. wax museum
ooty,31. kandal cross shrine
ooty,32. stone house
ooty,33. government museum
ooty,34. pykara falls
ooty,35. children's park
ooty,36. lake park ooty
ooty,37. katari falls
ooty,38. halashana falls
ooty,39. tea factory
ooty,40. shopping in ooty
ooty,41. honey & bee museum
ooty,42. ooty flower show
ooty,43. mukurthi national park
jaipur," 1. amber fort, jaipur "
jaipur,2. experience the village of chokhi dhani
jaipur,3. city palace
jaipur,4. hawa mahal
jaipur,5. witness the magic of jantar mantar
jaipur,6. nahargarh fort
jaipur,7. explore collections at albert hall museum
jaipur,8. birla temple
jaipur,9. masala chowk
jaipur,10. take a tour of jaigarh fort
jaipur,11. pink pearl resort and fun city
jaipur,12. galtaji temple
jaipur,13. click pictures near the peaceful jal mahal
jaipur,14. gatore ki chhatriyan
jaipur,15. amrapali museum
jaipur,16. pink city
jaipur,17. patrika gate
jaipur,18. angel resort and amusement park
jaipur,19. amar jawan jyoti
jaipur,20. jaipur zoo
jaipur,21. evening walk in central park
jaipur,22. sisodia rani garden
jaipur,23. rambagh palace
jaipur,24. govind ji temple
jaipur,25. moti dungri temple
jaipur,26. watch a movie at raj mandir cinema
jaipur,27. panna meena ka kund
jaipur,28. ram niwas garden
jaipur,29. digamber jain mandir sanghiji
jaipur,30. abhaneri step well
jaipur,31. shopping at bapu bazar
jaipur,32. kale hanuman ji ka mandir
jaipur,33. world trade park jaipur
jaipur,34. johari bazaar
jaipur,35. swaminarayan temple
jaipur,36. jawahar circle
jaipur,37. chand pol
jaipur,38. anokhi museum of handpainting
jaipur,39. chand baori
jaipur,40. kanak vrindavan garden
jaipur,41. sargasuli tower
jaipur,42. khole ke hanuman ji temple
jaipur,43. mauj mahal water park and fun resort
jaipur,44. garh ganesh temple
jaipur,45. bond with the elephants at elefantastic
jaipur,46. explore the temples of karauli
jaipur,47. bhandarej
jaipur,48. samode palace
jaipur,49. hari mahal palace
jaipur,50. rajmahal palace
jaipur,51. narain niwas palace
jaipur,52. shahpura haveli
lonavala,1. tiger's leap
lonavala,2. rajmachi fort
lonavala,3. imagica adlabs
lonavala,4. aamby valley
lonavala,5. lonavala lake
lonavala,6. karla caves
lonavala,7. bhaja caves
lonavala,8. lohagad fort
lonavala,9. bushi dam
lonavala,10. celebrity wax museum
lonavala,11. amrutanjan point
lonavala,12. rajmachi
lonavala,13. wet n joy water park
lonavala,14. city shopping
lonavala,15. bungee jumping in lonavala
lonavala,16. lonavala - bhimashankar trek
lonavala,17. visapur fort
lonavala,18. tikona fort
lonavala,19. valvan dam
lonavala,20. bhairavnath temple
lonavala,21. duke's nose
lonavala,22. narayani dham temple
lonavala,23. scorpion's sting
lonavala,24. koregad fort
lonavala,25. tungarli dam
lonavala,26. sausage hills
lonavala,27. reverse waterfall
lonavala,28. ekvira devi temple
lonavala,29. ryewood park
lonavala,30. tunga fort
lonavala,31. lionês point
lonavala,32. kune waterfalls
lonavala,33. shri durga parameshwari temple
lonavala,34. shivling point
lonavala,35. kaivalyadhama ashram
lonavala,36. aundoli
lonavala,37. della adventure park
lonavala,38. kataldhar waterfall
lonavala,39. ghangad
lonavala,40. manaranjan fort
lonavala,41. andharban
mussoorie,1. the mall
mussoorie,2. kempty falls
mussoorie,3. camel's back road
mussoorie,4. landour
mussoorie,5. dalai hills
mussoorie,6. gun hill
mussoorie,7. lal tibba
mussoorie,8. jharipani falls
mussoorie,9. company garden
mussoorie,10. devalsari
mussoorie,11. george everest's house
mussoorie,12. cloud's end
mussoorie,13. kellogg memorial church
mussoorie,14. soham heritage centre
mussoorie,15. bhatta falls
mussoorie,16. jwala devi temple
mussoorie,17. dhanaulti
mussoorie,18. shedup choepelling temple
mussoorie,19. mussoorie lake
mussoorie,20. mossy falls
mussoorie,21. mussoorie christ church
mussoorie,22. benog wildlife sanctuary
mussoorie,23. char dukan
mussoorie,24. library bazaar
mussoorie,25. lake mist
mussoorie,26. bhadraj temple
mussoorie,27. nag tibba trek
mussoorie,28. jabarkhet wildlife reserve
mussoorie,29. paragliding and trekking
mussoorie,30. happy valley
mussoorie,31. mussoorie heritage centre
mussoorie,32. mussoorie adventure park
mussoorie,33. k dev bhoomi wax museum
mussoorie,34. white water rafting in mussoorie
mussoorie,35. rock climbing and rappelling in mussoorie
mussoorie,36. lambi dehar mines
kodaikanal,1. green valley view (suicide point)
kodaikanal,2. kodai lake
kodaikanal,3. bear shola falls
kodaikanal,4. dolphin's nose
kodaikanal,5. pillar rocks
kodaikanal,6. thalaiyar falls
kodaikanal,7. vattakanal
kodaikanal,8. mannavanur
kodaikanal,9. devil's kitchen
kodaikanal,10. coakers walk
kodaikanal,11. berijam lake
kodaikanal,12. kodai-palani trek
kodaikanal,13. trekking
kodaikanal,14. bryant park
kodaikanal,15. silver cascade falls
kodaikanal,16. silent valley view
kodaikanal,17. kurinji temple
kodaikanal,18. kodaikanal solar observatory
kodaikanal,19. shembaganur museum of natural history
kodaikanal,20. subrahmanya temple (kartikeya temple)
kodaikanal,21. pine forest
kodaikanal,22.  la salette church
kodaikanal,23. kukkal caves
kodaikanal,24. moir point
kodaikanal,25. christ the king church
kodaikanal,26. fairy falls
kodaikanal,27. pambar falls
kodaikanal,28. 80 mile round
kodaikanal,29. upper lake view
kodaikanal,30. dolmen circle
kodaikanal,31. lutheran church
kodaikanal,32. perumal peak
kodaikanal,33. vattakanal falls
kodaikanal,34. chettiar park
kodaikanal,35. poombarai
dalhousie,1. panch pulla
dalhousie,2. khajjiar
dalhousie,3. kalatop wildlife sanctuary
dalhousie,4. satdhara falls
dalhousie,5. chamera lake
dalhousie,6. ganji pahari
dalhousie,7. dainkund peak
dalhousie,8. paragliding at khajjiar
dalhousie,9. st. john church
dalhousie,10. subhash baoli
dalhousie,11. sach pass
dalhousie,12. river crossing and river rafting
dalhousie," 13. rock garden, dalhousie "
dalhousie,14. indo tibetan market
dalhousie,15. chamba
dalhousie,16. trekking
dalhousie,17. dainkund to jot trek
dalhousie,18. city shopping
dalhousie,19. cafe dalhousie
dalhousie,20. st patricks church
dalhousie,21. bakrota hills or upper bakrota
dalhousie,22. rock climbing
dalhousie,23. garam sadak
dalhousie,24. chamunda devi temple
dalhousie," 25. st. francis church, dalhousie "
dalhousie,26. laxmi narayan temple dalhousie
dalhousie,27. bhuri singh museum
dalhousie,28. pohlani devi temple
pachmarhi,1. bee falls
pachmarhi,2. jata shankar caves
pachmarhi,3. pandava caves
pachmarhi,4. dhoopgarh
pachmarhi,5. handi khoh
pachmarhi,6. mahadeo hill
pachmarhi,7. duchess falls
pachmarhi,8. satpura national park
pachmarhi,9. priyadarshini point (forsyth point)
pachmarhi,10. chauragarh temple
pachmarhi,11. apsara vihar
pachmarhi,12. bade mahadev
pachmarhi,13. reechgarh
pachmarhi,14. bison lodge
pachmarhi,15. rajendragiri sunset point
pachmarhi,16. rajat prapat waterfall
pachmarhi,17. christ church
pachmarhi,18. gupt mahadev
varanasi,1. kashi vishwanath temple
varanasi,2. ganga aarti
varanasi,3. dashashwamedh ghat
varanasi,4. sankat mochan hanuman temple
varanasi,5. assi ghat
varanasi,6. vishwanath gali
varanasi," 7. new vishwanath temple, bhu "
varanasi,8. tulsi manasa temple
varanasi,9. durga temple
varanasi,10. nepali temple
varanasi,11. kedar ghat
varanasi,12. batuk bhairav mandir
varanasi,13. banaras hindu university
varanasi,14. gyan vapi well
varanasi,15. bharat mata mandir
varanasi,16. tibetan temple
varanasi,17. alamgir mosque
varanasi,18. shivala ghat
varanasi,19. manmandir ghat
varanasi,20. iskcon varanasi
varanasi,21. ramnagar fort
varanasi,22. bharat kala bhavan museum
varanasi,23. manikarnika ghat
varanasi,24. chunar fort
varanasi,25. chinese temple
varanasi,26. st maryês church
varanasi,27. yoga
varanasi,28. varanasi fun city
varanasi,29. aqua world
varanasi,30. vindham waterfalls
varanasi,31. lakhaniya dari waterfall
varanasi,32. rajdari waterfalls
varanasi,33. devdari waterfall
varanasi,34. mukkha falls
varanasi,35. tanda falls
varanasi," 36. ganga mahotsav, varanasi "
varanasi,37. ramnagar ramlila at varanasi
varanasi,38. sita samahit sthal
mumbai,1. elephanta caves
mumbai,2. walk at marine drive
mumbai,3. picnic at juhu beach
mumbai,4. shopping at colaba causeway
mumbai,5. stroll around gateway of india
mumbai,6. bollywood tour at film city
mumbai,7. enjoy street food
mumbai,8. hanging gardens
mumbai,9. prince of wales museum
mumbai,10. mumbai zoo
mumbai,11. enjoy rides at essel world
mumbai,12. national museum of indian cinema
mumbai,13. wildlife safari at sanjay gandhi national park
mumbai,14. pray at siddhivinayak temple
mumbai,15. national gallery of modern art
mumbai,16. sunset at haji ali dargah
mumbai,17. shopping at fashion street
mumbai,18. bandra-worli sea link
mumbai,19. marvel at the victoria terminus
mumbai,20. kamla nehru park
mumbai,21. kidzania mumbai
mumbai,22. iskcon temple
mumbai,23. gorakhgad trek
mumbai,24. kanheri caves
mumbai,25. street food at girgaum chowpatty
mumbai,26. water sports in mandwa beach
mumbai,27. global pagoda
mumbai,28. mahakali caves
mumbai,29. shopping at lokhandwala
mumbai," 30. partying at hill road and linkin road, bandra "
mumbai,31. makarandgad trek
mumbai,32. mahalaxmi temple
mumbai,33. siddhgad bhimashankar trek
mumbai,34. jehangir art gallery
mumbai,35. naneghat trek
mumbai,36. hajimalang trek
mumbai,37. mahuli trek
mumbai,38. jivdhan trek
mumbai,39. jama masjid
mumbai,40. mahipatagad trek
mumbai,41. mount mary church
mumbai,42. gorai beach
mumbai,43. madh island
mumbai,44. marve beach
mumbai,45. versova beach
mumbai,46. dadar chowpatty beach
mumbai,47. aksa beach
mumbai,48. kalamb beach
mumbai,49. spend your evening at worli sea face
mumbai,50. uran
mumbai,51. hangout with friends at bandstand
mumbai,52. explore cafes at carter road
agra,1. taj mahal
agra,2. fatehpur sikri
agra,3. agra fort
agra,4. itimad-ud-daula's tomb
agra,5. mehtab bagh
agra,6. city shopping
agra,7. akbar's tomb
agra,8. jama masjid
agra,9. chini ka rauza
agra,10. jhangir mahal
agra,11. dolphin water park
agra,12. anguri bagh
agra,13. taj museum
agra,14. kalakriti dance drama show
agra,15. taj mahotsav
agra,16. wildlife sos
agra,17. mother teresa's missionaries of charity
agra,18. friends gokulam fun city water park
agra,19. ram barat
kolkata,1. marvel at the victoria memorial
kolkata,2. fort william
kolkata,3. belur math
kolkata,4. evening walk along the howrah bridge
kolkata,5. birla planetarium
kolkata,6. indian museum
kolkata,7. marble palace mansion
kolkata,8. mother house
kolkata,9. take a tour of science city
kolkata,10. st. paul's cathedral
kolkata,11. relax on the tajpur beach
kolkata,12. birla mandir
kolkata,13. catch a match at the eden gardens
kolkata,14. catch the shows at jorasanko thakur bari
kolkata,15. take a toure of birla industrial & technological museum
kolkata,16. rabindra sarovar
kolkata,17. kalighat temple
kolkata,18. shobhabajar rajbari
kolkata,19. get close to nature in the botanical gardens
kolkata,20. nakhoda mosque
kolkata,21. alipore zoo
kolkata,22. sabarna sangrahashala
kolkata,23. spend an evening in eco tourism park
kolkata,24. calcutta jain temple
kolkata,25. rides in nicco park
kolkata,26. boat ride & food at prinsep ghat
kolkata,27. enjoy the rides at aquatica
kolkata,28. party in the park street
kolkata,29. shopping in chowringhee
kolkata,30. pray at iskcon kolkata
kolkata,31. south park street cemetery
kolkata,32. strolling in sonajhuri forest
kolkata,33. st john's church
kolkata,34. barrackpore
kolkata,35. jhargram
kolkata,36. baabur haat
kolkata,37. kamarpukur
kolkata,38. picnic in deulti
kolkata,39. hooghly riverfront
kolkata,40. maidan
kolkata,41. central park
kolkata,42. millenium park
kolkata,43. deshapriya park
kolkata,44. safari park
kolkata,45. mohor kunja
kolkata,46. elliot park
kolkata,47. gitanjali sports complex
kolkata,48. kishore bharati krirangan
kolkata,49. salt lake stadium
kolkata,50. rabindra sarobar stadium
kolkata,51. mohunbagan stadium
kolkata,52. netaji indoor stadium
jodhpur,1. mehrangarh fort
jodhpur,2. umaid bhawan palace
jodhpur,3. camel safari
jodhpur,4. toorji ka jhalra
jodhpur,5. jaswant tada
jodhpur,6. mandore garden
jodhpur,7. rao jodha desert rock park
jodhpur,8. flying fox
jodhpur,9. khejarla fort
jodhpur,10. balsamand lake
jodhpur,11. om banna temple
jodhpur,12. sardar market
jodhpur,13. sheesh mahal
jodhpur,14. bishnoi village tour
jodhpur,15. mahamandir temple
jodhpur,16. sardar samand lake palace
jodhpur,17. sardar government museum
jodhpur,18. ranisar padamsar
jodhpur,19. rai ka baag palace
jodhpur,20. moti mahal
jodhpur,21. fort chanwa
jodhpur,22. machia biological park
jodhpur,23. ghanta ghar
jodhpur,24. jodhpur flamenco and gypsy festival
jodhpur,25. splash - the fun world
jodhpur,26. phalodi
jodhpur,27. pali
jodhpur,28. nagaur fair
jodhpur,29. kaylana lake
jodhpur,30. umaid heritage art school
jodhpur,31. phool mahal
jodhpur,32. masuriya hill garden
jodhpur,33. hanwant mahal
jodhpur,34. marwar festival
jodhpur,35. jodhpur international desert kite festival
jodhpur,36. rajasthan international folk festival
jodhpur,37. shastri circle
jodhpur,38. guda bishnoi village
jodhpur,39. chamunda mata temple
jodhpur,40. mahamandaleshwar mahadev
jodhpur,41. fun world jodhpur
jodhpur,42. rajasthan international folk festival (jodhpur riff)
jodhpur,43. dhawa doli wildlife sanctuary
jodhpur,44. world sacred spirit festival
bangalore,1. relax in lal bagh
bangalore,2. church street
bangalore,3. bannerghatta national park
bangalore,4. bangalore palace
bangalore,5. jog through cubbon park
bangalore,6. iskcon temple
bangalore,7. catch the sunrise at nandi hills
bangalore,8. be amused at the wonder la water park
bangalore,9. tour the innovative film city
bangalore,10. tipu sultan's summer palace
bangalore,11. national gallery of modern art
bangalore,12. shopping at commercial street
bangalore,13. art of living international centre
bangalore,14. vidhana soudha
bangalore,15. explore the universe at jawaharlal nehru planetarium
bangalore,16. visvesvaraya industrial and technological museum
bangalore,17. paddle over the ulsoor lake
bangalore,18. shiva temple
bangalore,19. ub city mall
bangalore,20. night shopping at mg road
bangalore,21. st. mary's basilica
bangalore,22. chunchi falls
bangalore," 23. fun world, bangalore "
bangalore,24. hal aerospace museum
bangalore,25. go-karting
bangalore,26. muthyala maduvu (pearl valley)
bangalore,27. bangalore aquarium
bangalore,28. bull temple
bangalore,29. sankey tank
bangalore,30. devanahalli fort
bangalore,31. maha bodhi society temple
bangalore,32. cycling in the outskirts
bangalore,33. ragigudda anjaneya temple
bangalore,34. venkatappa art gallery
bangalore,35. halasuru someshwara temple
bangalore,36. snow city
bangalore,37. find peace under the big banyan tree
bangalore,38. indian music experience
bangalore,39. indira gandhi musical fountain park
bangalore,40. siddara betta
bangalore,41. go quad biking
bangalore,42. bilikal rangaswamy betta
bangalore,43. avalabetta
bangalore,44. manchanabele dam
bangalore,45. skandagiri
bangalore,46. bananthimari betta
bangalore,47. doddamakali
bangalore,48. devarayanadurga
bangalore,49. kanakapura
bangalore,50. ranga shankara
bangalore," 51. smaaash, bangalore "
bangalore,52. bangalore turf club
amritsar,1. golden temple
amritsar,2. wagah border
amritsar,3. jallianwala bagh
amritsar,4. partition museum
amritsar,5. harike wetland and bird sanctuary
amritsar,6. maharaja ranjit singh museum
amritsar,7. street food
amritsar,8. guru ke mahal
amritsar,9. gurudwara chheharta sahib
amritsar,10. hall bazaar
amritsar,11. mata lal devi temple
amritsar,12. akal takht
amritsar,13. gobindgarh fort
amritsar,14. gurudwara mata kaulan
amritsar,15. durgiana temple
amritsar,16. dukh bhanjani ber tree
amritsar,17. bibeksar sahib
amritsar,18. khair-ud-din masjid
amritsar,19. goindwal baoli
amritsar,20. gurudwara bir baba budha sahib
amritsar,21. gurudwara shri tarn taran sahib
amritsar,22. khalsa college
amritsar,23. shri ram tirth temple
amritsar,24. punjab state war heroes memorial and museum
amritsar,25. pul kanjari
amritsar,26. bathinda fort
amritsar,27. gurudwara baba atal rai
amritsar,28. iskcon temple
amritsar,29. sun city
amritsar,30. rainbow resorts water park
amritsar,31. thunderzone amusement and water park
amritsar,32. bliss aqua world
amritsar,33. gurudwara baba deep singh ji
amritsar,34. gurudwara goindwal sahib
delhi,1. morning walk near india gate
delhi,2. qutub minar
delhi,3. swaminarayan akshardham temple
delhi,4. humayun's tomb
delhi,5. clubbing in hauz khas village
delhi,6. museum of illusions
delhi,7. national gallery of modern art
delhi,8. lotus temple
delhi,9. red fort
delhi,10. agrasen ki baoli
delhi,11. sunder nursery
delhi,12. garden of five senses
delhi,13. lodhi garden
delhi,14. waste to wonder park
delhi,15. shop at chandni chowk
delhi,16. shop & eat at dilli haat
delhi,17. bharat darshan park
delhi,18. gurudwara bangla sahib
delhi,19. pradhanmantri sangrahalaya
delhi,20. rail museum
delhi,21. nizamuddin dargah
delhi,22. jantar mantar
delhi,23. tour the national zoological park
delhi,24. mehrauli archaeological park
delhi,25. kingdom of dreams
delhi,26. mughal gardens
delhi,27. rashtrapati bhavan
delhi," 28. jama masjid, delhi "
delhi,29. pick the trends at sarojini market
delhi,30. party at the connaught place
delhi,31. roam around the shopping markets
delhi,32. iskcon (hare krishna) temple
delhi,33. savour the food of khan market
delhi,34. a different world in paharganj
delhi,35. birla mandir delhi
delhi,36. enjoy the colours of lajpat nagar
delhi,37. safdarjung tomb
delhi,38. admire the architecture of purana qila
delhi,39. adventure island
delhi,40. stroll through pragati maidan
delhi,41. rajghat
delhi,42. national museum
delhi,43. kuchesar
delhi,44. crafts museum
delhi,45. tughlaqabad fort
delhi,46. teen murti bhavan (nehru house) and nehru planetarium
delhi,47. rajpath
delhi,48. quwwat-ul-islam mosque
delhi,49. sulabh international museum of toilets
delhi,50. nicholson cemetery
delhi,51. iron pillar
delhi,52. nehru memorial museum and library
jaisalmer,1. jaisalmer fort
jaisalmer,2. desert safari
jaisalmer,3. gadisar lake
jaisalmer,4. patwon ki haveli
jaisalmer,5. sam sand dunes
jaisalmer,6. jain temples
jaisalmer,7. nathmal ki haveli
jaisalmer,8. kuldhara village
jaisalmer,9. vyaas chhatri
jaisalmer,10. desert national park
jaisalmer,11. tanot mata temple
jaisalmer,12. jaisalmer war museum
jaisalmer,13. tazia tower and badal palace
jaisalmer,14. indo-pak border
jaisalmer,15. camping & cultural evening
jaisalmer,16. bada bagh
jaisalmer,17. barmer
jaisalmer,18. amar sagar lake
jaisalmer,19. quad biking in jaisalmer
jaisalmer,20. windmill park
jaisalmer,21. akal wood fossil park
jaisalmer,22. khuri
jaisalmer,23. dune bashing
jaisalmer,24. desert festival
jaisalmer,25. desert culture centre and museum
jaisalmer,26. parasailing in jaisalmer
jaisalmer,27. jaisalmer government museum
jaisalmer,28. salim singh ki haveli
jaisalmer,29. mandir palace
jaisalmer,30. ramdevra temple
jaisalmer,31. khaba fort
jaisalmer,32. lodhruva
jaisalmer,33. thar heritage museum 
jaisalmer,34. surya gate
jaisalmer,35. shantinath temple
jaisalmer,36. tazia tower
jaisalmer,37. chandraprabhu temple
jaisalmer,38. pokhran fort
jaisalmer,39. pachpadra salt lake
mount abu,1. nakki lake
mount abu,2. guru shikhar
mount abu,3. toad rock
mount abu,4. mount abu wildlife sanctuary
mount abu,5. dilwara temples
mount abu,6. sunset point
mount abu,7. shri raghunath temple
mount abu,8. brahma kumaris world spiritual university
mount abu,9. honeymoon point
mount abu,10. achalgarh village
mount abu,11. universal peace hall
mount abu,12. arbuda devi temple
mount abu,13. trevors tank
mount abu,14. gaumukh temple
mount abu,15. mount abu bazaars
mount abu,16. shankar math
mount abu,17. government museum mount abu
mount abu,18. champa cave
mount abu,19. nakki lake market
mount abu,20. achalgarh fort
mount abu,21. achaleshwar mahadev temple
wayanad,1. banasura dam
wayanad,2. wayanad wildlife sanctuary
wayanad,3. chembra peak
wayanad,4. edakkal caves
wayanad,5. stay in a treehouse
wayanad,6. soochipara falls
wayanad,7. vythiri
wayanad,8. kuruva dweep
wayanad,9. sulthan bathery
wayanad,10. pookot lake
wayanad,11. kanthanpara waterfall
wayanad,12. chain tree
wayanad,13. pakshipathalam bird sanctuary
wayanad,14. thirunelli temple
wayanad,15. lakkidi viewpoint
wayanad,16. banasura hill
wayanad,17. neelimala viewpoint
wayanad,18. wayanad heritage museum
wayanad,19. chethalayam waterfalls
wayanad,20. palchuram waterfalls
wayanad,21. poopoli wayanad flower show
wayanad,22. meenmutty
wayanad,23. karapuzha dam
wayanad,24. muthanga wildlife sanctuary
wayanad,25. thirunelly temple
wayanad,26. valliyoorkavu bhagavathy temple
wayanad,27. pallikunnu church
wayanad,28. kalpetta
wayanad,29. puliyarmala jain temple
wayanad,30. koottamundu glass temple
wayanad,31. varambetta mosque
wayanad,32. thrissilery shiva temple
wayanad,33. seetha devi temple
wayanad,34. e3 theme park
hyderabad,1. tour the ramoji film city
hyderabad,2. charminar
hyderabad,3. enjoy the show and food at hussain sagar lake
hyderabad,4. wonderla
hyderabad,5. gravityzip
hyderabad,6. chowmahalla palace
hyderabad,7. golkonda fort
hyderabad,8. statue of equality
hyderabad,9. thrill city
hyderabad,10. indulge in various activities of shilparamam
hyderabad,11. birla mandir
hyderabad,12. taramati baradari
hyderabad,13. jala vihar
hyderabad,14. chill at the snow world
hyderabad,15. hyd selfie museum
hyderabad,16. salar jung museum
hyderabad,17. go on a safari in nehru zoological park
hyderabad,18. qutub shahi tombs
hyderabad,19. kbr national park
hyderabad,20. irani cafes
hyderabad,21. relax at the lumbini park
hyderabad,22. shop for bangles at the laad bazaar
hyderabad,23. stroll in the inorbit mall
hyderabad,24. ikea hyderabad
hyderabad,25. b.m. birla planetarium and science & technological museum
hyderabad,26. hyderabadi pearl shopping
hyderabad,27. sarath city mall
hyderabad,28. durgam cheruvu bride
hyderabad,29. hyderabad botanical garden
hyderabad,30. taj falaknuma palace
hyderabad,31. mount opera theme park resort
hyderabad,32. necklace road
hyderabad,33. food in hyderabad
hyderabad,34. ntr gardens
hyderabad,35. shilparamam uppala
hyderabad,36. chilkur balaji temple
hyderabad,37. iskcon temple
hyderabad,38. tank bund
hyderabad,39. forum sujana mall
hyderabad,40. sanjeevaiah park
hyderabad,41. mecca masjid
hyderabad,42. sudha cars museum
hyderabad,43. purani haveli
hyderabad,44. amaravathi
hyderabad,45. ride boats at durgam cheruvu
hyderabad,46. paigah tombs
hyderabad,47. sanghi temple
hyderabad,48. gvk one mall
hyderabad,49. aero plaza hyderabad airport
hyderabad,50. buddha statue hyderabad
hyderabad,51. ratnalyam temple
hyderabad,52. himayat sagar lake
pondicherry,1. play on the paradise beach
pondicherry,2. aurobindo ashram
pondicherry,3. auroville
pondicherry,4. scuba diving in pondicherry
pondicherry,5. explore the sites of arikamedu
pondicherry,6. cafes in pondicherry
pondicherry,7. take a leisure walk by the seaside promenade
pondicherry,8. pondicherry beach
pondicherry,9. serenity beach
pondicherry,10. cycling in pondicherry
pondicherry,11. auroville beach
pondicherry,12. chunnambar boat house
pondicherry,13. basilica of the sacred heart of jesus
pondicherry,14. water sports in pondicherry
pondicherry,15. botanical garden
pondicherry,16. pondicherry lighthouse
pondicherry,17. take the kids to jawahar toy museum
pondicherry,18. raj niwas
pondicherry,19. french war memorial
pondicherry,20. sri manakula vinayagar temple
pondicherry,21. pondicherry museum
pondicherry,22. veerampattinam beach
pondicherry,23. gokilambal thirukameswar temple
pondicherry,24. chidambaram
pondicherry,25. relax in bharathi park
pondicherry,26. immaculate conception cathedral
pondicherry,27. varadaraja perumal temple
pondicherry,28. church of our lady of angels
pondicherry,29. the statue of dupleix
pondicherry,30. aayi mandapam
pondicherry,31. meeran mosque
pondicherry,32. cluny embroidery centre
pondicherry,33. ananda ranga pillai mansion
pondicherry,34. ganesh garden
pondicherry,35. iskcon pondicherry
pondicherry,36. capture some pictures in ousteri wetland and national park
pondicherry,37. sri karneshwar nataraja temple
pondicherry,38. international center for yoga education and research (icyer)
pondicherry,39. mahatma gandhi statue
pondicherry,40. auroville ashram
pondicherry,41. relish a mesmerizing sunrise
pondicherry,42. yanam beach
pondicherry,43. white town
pondicherry,44. vedapureeswarar temple
pondicherry,45. karaikal beach
pondicherry,46. quiet beach
pondicherry,47. mahe beach
pondicherry,48. reppo beach
khajuraho,1. light and sound show
khajuraho,2. dulhadev temple
khajuraho,3. kandariya mahadev temple
khajuraho,4. lakshman temple
khajuraho,5. parsvanath temple
khajuraho,6. vishwanath temple
khajuraho,7. lakshmi temple
khajuraho,8. javari temple
khajuraho,9. devi jagdamba temple
khajuraho,10. state museum of tribal and folk art
khajuraho,11. archaeological museum khajuraho
khajuraho,12. raneh falls
khajuraho,13. adinath temple
khajuraho,14. khajuraho dance festival
khajuraho,15. chaturbhuj temple
khajuraho,16. varaha temple
khajuraho,17. matangeshwar temple
khajuraho,18. nandi temple
khajuraho,19. vaman temple
khajuraho,20. chitragupta temple
khajuraho,21. shantinath temple
khajuraho,22. beni sagar dam
khajuraho,23. dhubela museum
khajuraho,24. jain museum
khajuraho,25. chausath yogini temple
chennai,1. explore the marina beach
chennai," 2. government museum, chennai "
chennai,3. mgr film city
chennai,4. breezy beach
chennai,5. marundeeswarar temple
chennai,6. arignar anna zoological park
chennai,7. valluvar kottam
chennai,8. ashtalakshmi temple
chennai,9. read some books at connemara library
chennai,10. trek the koli hills
chennai,11. elliot's beach
chennai,12. enjoy the games at vgp golden beach
chennai,13. iskcon (hare rama hare krishna) temple
chennai,14. vivekananda house
chennai,15. akkarai beach
chennai,16. dakshinachitra museum
chennai,17. santhome cathedral basilica
chennai,18. madras war cemetery
chennai,19. madras crocodile bank trust
chennai,20. be amazed at mgm dizzee world
chennai,21. shirdi sai baba temple
chennai,22. nettukuppam
chennai,23. prakasam salai
chennai,24. thousand lights mosque
chennai,25. fort st. george
chennai,26. chennai sangamam
chennai,27. buy fishes at the royapuram fishing harbour
chennai,28. santhome church
chennai,29. kapaleeswarar temple
chennai,30. mylapore
chennai,31. roam the express avenue
chennai,32. vadapalani murugan temple
chennai,33. shopping in t nagar
chennai,34. parthasarathy temple
chennai,35. parasailing in chennai
chennai,36. scuba diving in chennai
chennai,37. camping in chennai
chennai,38. paragliding in chennai
chennai,39. surfing in chennai
chennai,40. paintball in chennai
chennai,41. rock climbing in chennai
chennai,42. jungle safari in chennai
chennai,43. boating in chennai
chennai,44. anjaneyar temple nanganallur
chennai,45. go fishing in chennai
chennai,46. sivananda yoga vedanta centers & ashram
chennai,47. thiruvanmiyur beach
chennai,48. neelankarai beach
chennai,49. santhome beach
chennai,50. pebble beach
chennai,51. palavakkam beach
chennai,52. kasimedu beach
vaishno devi,1. vaishno devi temple
vaishno devi,2. katra
vaishno devi,3. ardh kuwari cave
vaishno devi,4. vaishno devi yatra
vaishno devi,5. bhairavnath temple
vaishno devi,6. vaishno devi by helicopter
vaishno devi,7. dera baba banda
vaishno devi,8. vaishno devi ropeway
vaishno devi,9. city shopping
ajanta and ellora caves,1. ajanta caves
ajanta and ellora caves," 2. grishneshwar temple, ellora "
ajanta and ellora caves," 3. the buddhist caves, ellora "
ajanta and ellora caves," 4. bibi ka makbara, aurangabad "
ajanta and ellora caves," 5. jain caves, ellora "
ajanta and ellora caves,6. khuldabad
ajanta and ellora caves," 7. daualatabad fort, daulatabad "
ajanta and ellora caves," 8. aurangabad caves, aurangabad "
ajanta and ellora caves,9. shopping in aurangabad
ajanta and ellora caves," 10. panchakki, aurangabad "
ajanta and ellora caves,11. the shopping plaza
ajanta and ellora caves,12. shopping in ajanta and ellora
haridwar,1. ganga aarti
haridwar,2. har ki pauri
haridwar,3. chandi devi temple
haridwar,4. mansa devi temple
haridwar,5. chilla wildlife sanctuary
haridwar,6. shanti kunj
haridwar,7. bharat mata mandir
haridwar,8. daksha mahadev temple
haridwar,9. patanjali yog peeth
haridwar,10. sapt rishi ashram
haridwar,11. ma anandamayi ashram
haridwar,12. pawan dham
haridwar,13. vaishno devi temple
haridwar,14. pentagon mall
haridwar,15. fun valley water park
haridwar,16. bhimgoda tank
haridwar,17. parad shivlinga
haridwar,18. gaurishankar mahadev temple
haridwar,19. maya devi temple
haridwar,20. bara bazar
haridwar,21. kushavarta ghat
haridwar,22. adbhut mandir
haridwar,23. crystal world
haridwar,24. bilkeshwar mahadev temple
haridwar,25. swami vivekanand park
haridwar,26. vishnu ghat
haridwar,27. bhuma niketan temple
haridwar,28. prem nagar ashram
haridwar,29. jai ram ashram
haridwar,30. birla ghat
haridwar,31. gau ghat
haridwar,32. neel dhara pakshi vihar
haridwar,33. doodhabhari barfani temple
haridwar,34. sureshwari devi temple
haridwar,35. local markets
haridwar,36. kumbh mela
kanyakumari,1. thirparappu falls
kanyakumari,2. kanyakumari beach
kanyakumari,3. vivekananda rock memorial
kanyakumari,4. thanumalayan temple - sthanumalayan kovil
kanyakumari,5. thiruvalluvar statue
kanyakumari,6. kumari amman temple
kanyakumari,7. padmanabhapuram palace
kanyakumari,8. lord subramanya temple
kanyakumari,9. wax museum
kanyakumari,10. vattakottai fort
kanyakumari,11. courtallam falls
kanyakumari,12. sanguthurai beach
kanyakumari,13. chitharal jain monuments
kanyakumari,14. gandhi mandapam
kanyakumari,15. mathur aqueduct
kanyakumari,16. our lady of ransom church
kanyakumari,17. sothavilai beach
kanyakumari,18. sunset point
kanyakumari,19. tsunami monument
kanyakumari,20. triveni sangam
kanyakumari,21. view tower
kanyakumari,22. st xavier church
kanyakumari,23. adikesava perumal temple
kanyakumari,24. mandaikadu bhagavathi temple
kanyakumari,25. wind farms
kanyakumari,26. shops and stalls
pune,1. shaniwar wada
pune,2. aga khan palace
pune,3. meditate at the osho ashram
pune,4. katraj snake park
pune,5. sinhagad fort
pune,6. dagdusheth halwai ganpati temple
pune,7. mulshi lake and dam
pune,8. pune okayama friendship garden
pune," 9. rajmachi fort, pune "
pune,10. panshet water park
pune,11. vetal tekdi
pune,12. parvati hill temple
pune,13. live the nightlife in cafe's & nightclubs
pune,14. pataleshwar cave temple
pune,15. lal mahal
pune,16. national defence academy
pune,17. national war museum
pune,18. sri balaji mandir
pune,19. rajgad trek
pune,20. rajiv gandhi zoological park
pune,21. picnic in bund garden
pune,22. torna fort
pune,23. mahatma phule museum
pune,24. shinde's chatri
pune,25. vishram bagh waada
pune,26. raj dinakar kelkar museum
pune,27. rasalgad
pune,28. khadakwasla dam
pune,29. joshi's museum of miniature railways
pune,30. baner pashan biodiversity park
pune,31. st. mary's church
pune,32. panshet dam
pune,33. saras baug
pune,34. style shopping in fashion street
pune,35. david synagogue
pune,36. chaturshringi temple
pune,37. sarasbaug ganpati temple
pune,38. empress garden
pune,39. taljai hills
pune,40. shivneri fort
pune,41. purandar trek
pune,42. hadsar trek
pune,43. shop it cheap at hong-kong lane
pune,44. korigad trek
pune,45. bhigwan
pune,46. city shopping
pune,47. dehu
pune,48. hangout at the amanora mall
pune,49. chavand trek
pune,50. rohida trek
pune,51. iskcon nvcc temple
pune,52. peshwa udyan
kochi,1. lulu mall
kochi,2. fort kochi
kochi,3. kerala kathakali centre
kochi,4. mattancherry palace
kochi,5. cherai beach
kochi,6. jewish synagogue
kochi,7. wonderla amusement park
kochi,8. bolgatty palace
kochi,9. hill palace
kochi," 10. marine drive, kochi "
kochi,11. folklore museum
kochi,12. santa cruz basilica
kochi,13. willingdon island
kochi,14. kashi art cafe
kochi,15. ayurvedic massage in kochi
kochi,16. chinese fishing nets
kochi,17. rainbow hanging bridge
kochi,18. vasco da gama square
kochi,19. antique museum
kochi,20. veeranpuzha lake and backwaters
kochi,21. subhash park
kochi,22. mangalavanam bird sanctuary
kochi,23. jew town
kochi,24. m g road
kochi,25. indian naval museum
kochi,26. sunset cruise
kochi,27. st francis church
kochi,28. princess street
kochi,29. kalady
kochi,30. greenix village
kochi,31. parikshith thampuran museum
kochi,32. pierce leslie bungalow
kochi,33. pallipuram fort
kochi,34. thirikkakara vamanamoorthy temple
kochi,35. santhanagopala-krishnaswamy temple
kochi,36. bishop's house
kochi,37. ernakulam mahadev temple
kochi,38. fort kochi beach
kochi,39.  veeranpuzha beach
kochi,40. andhakaranazhi beach
kochi,41. puthenthode beach
kochi,42. puthuvype beach
kochi,43. kuzhupilly beach
kochi,44. munambam beach
kochi,45. indo portuguese museum
kochi,46. kochi-muziris biennale
kochi,47. areekkal waterfalls
kochi,48. vallarpadam
kochi,49. paniyeli poru
kochi,50. panangad
ahmedabad,1. sabarmati riverfront
ahmedabad,2. dada hari wav
ahmedabad,3. statue of unity
ahmedabad,4. swaminarayan temple
ahmedabad,5. sabarmati ashram
ahmedabad,6. rani ki vav
ahmedabad,7. adalaj step well
ahmedabad,8. kankaria lake
ahmedabad,9. manek chawk
ahmedabad,10. modhera sun temple
ahmedabad,11. bhadra fort & teen darwaza
ahmedabad,12. jama masjid
ahmedabad,13. world vintage car museum
ahmedabad,14. hathisingh jain temple
ahmedabad,15. law garden night market
ahmedabad,16. sidi saiyyed mosque
ahmedabad,17. city shopping
ahmedabad,18. calico textile museum
ahmedabad,19. sardar vallabhai patel national museum
ahmedabad,20. jhulta minar
ahmedabad,21. vaishnodevi temple
ahmedabad,22. kamala nehru zoo
ahmedabad,23. alpha one mall
ahmedabad,24. lal darwaza
ahmedabad,25. iskcon temple
ahmedabad,26. banascraft
ahmedabad,27. law garden
ahmedabad,28. kapasi handicraft emporium
ahmedabad,29. lalbhai dalpatbhai museum
ahmedabad,30. tomb of ahmed shah and ahmed shah's mosque.
ahmedabad,31. r3 the mall
ahmedabad,32. radhe shopping mall
ahmedabad,33. dada bhagwan temple
ahmedabad,34. gujarat science city
ahmedabad,35. shree camp hanuman mandir
ahmedabad,36. parimal garden
ahmedabad,37. lothal
ahmedabad,38. sarkhej roza
ahmedabad,39. nehru bridge
ahmedabad,40. vastrapur lake
ahmedabad,41. kite museum
ahmedabad,42. vechaar utensils museum
ahmedabad,43. sanskar kendra
ahmedabad,44. vadla
ahmedabad,45. ahmedabad one
ahmedabad,46. victoria garden
ahmedabad,47. dhanvantari garden
ahmedabad,48. auda garden
ahmedabad,49. usmanpura garden
ahmedabad,50. gotila garden-talav
ahmedabad,51. bansidhar garden
ahmedabad,52. one tree hill garden
mysore,1. mysore palace
mysore,2. brindavan gardens
mysore,3. mysore zoo
mysore,4. somanathapura temple
mysore,5. chamundeshwari temple
mysore,6. shuka vana
mysore,7. jaganmohan palace
mysore,8. bonsai garden
mysore,9. rail museum
mysore,10. karanji lake
mysore,11. st. philomena's church
mysore,12. ranganathittu bird sanctuary
mysore,13. grs fantasy park
mysore,14. edmuri falls
mysore,15. talakadu
mysore,16. city shopping
mysore,17. folklore museum
mysore,18. trinesvaraswamy temple
mysore,19. nanjangud
mysore,20. melukote temples
mysore,21. srikanteswara temple
mysore,22. lalitha mahal palace
mysore,23. ashtanga yoga institute
mysore,24. mysore mandala yoga shala
mysore,25. kunti betta
mysore,26. masinagudi
mysore,27. chunchanakatte falls
mysore,28. balmuri waterfalls
mysore,29. dr. ambedkar's park
mysore,30. lingambudhi park
mysore,31. javaregowda park
mysore,32. sanjeevini park
mysore,33. cheluvamba park
mysore,34. freedom fighter's park
mysore,35. lingambudhi lake
mysore,36. krishnarajasagar dam
chandigarh,1. sukhna lake
chandigarh,2. rock garden
chandigarh,3. elante mall
chandigarh,4. rose garden
chandigarh,5. chattbir zoo
chandigarh,6. sector 17 market
chandigarh,7. japanese garden
chandigarh,8. gedi route
chandigarh,9. government museum and art gallery
chandigarh,10. international dolls museum
chandigarh,11. the capitol
chandigarh,12. fun city
chandigarh,13. pinjore gardens
chandigarh,14. garden of silence
chandigarh,15. musical fountain show sector 17
chandigarh,16. iskcon chandigarh
chandigarh,17. tank monument
chandigarh,18. open hand monument
chandigarh,19. terraced garden
chandigarh,20. mansa devi temple
chandigarh,21. garden of fragrance
chandigarh,22. thunder zone
chandigarh,23. museum of the evolution of life
chandigarh,24. le corbusier centre
chandigarh,25. fateh burj
chandigarh,26. cactus garden
chandigarh,27. aqua village
chandigarh,28. the natural history museum
chandigarh,29. leisure valley
chandigarh,30. butterfly park
chandigarh,31. botanical garden
chandigarh,32. shanti kunj
chandigarh,33. children traffic park
chandigarh,34. bougainvillea garden
chandigarh,35. nangal wetlands
chandigarh,36. punjab kala kendra
chandigarh,37. hibicus garden
chandigarh,38. forest reserves
chandigarh,39. topiary park
chandigarh,40. fitness trails
chandigarh,41. national gallery of portraits
chandigarh,42.  garden of palms
chandigarh," 43. chrysanthemum show, terraced gardens "
chandigarh,44. mango festival in chandigarh
chandigarh,45. city bird wildlife sanctuary
chandigarh,46. kalagram
chandigarh,47. mohali cricket stadium
chandigarh,48. tagore theater
chandigarh,49. dt mall
chandigarh,50. sukhna wildlife sanctuary
chandigarh,51. paras downtown square
hampi,1. virupaksha temple
hampi,2. vithala temple
hampi,3. lotus palace
hampi,4. monkey temple
hampi,5. hampi bazaar
hampi,6. hippie island
hampi,7. coracle ride
hampi,8. queen's bath
hampi,9. matanga hill
hampi,10. elephant stables
hampi,11. monolith bull
hampi,12. big shivlinga
hampi,13. zenana enclosure
hampi,14. lakshmi narasimha temple
hampi,15. daroji bear sanctuary
hampi,16. hemakuta hill temple complex
hampi,17. old palace
hampi,18. mahanavami dibba
hampi,19. achyutraya temple
hampi,20. hazara rama temple
hampi,21. archaeological museum
hampi,22. rock climbing
hampi,23. anegudi village
hampi,24. kadalekalu ganesh
hampi,25. king's balance
hampi,26. riverside ruins
hampi,27. sasivekalu ganesh
hampi,28. hampi utsav
hampi,29. city shopping
hampi,30. cliff jumping
hampi,31. bike riding
gulmarg,1. kongdori - gulmarg gondola
gulmarg,2. alpathar lake
gulmarg,3. apharwat peak
gulmarg,4. skiing in gulmarg
gulmarg,5. maharani temple
gulmarg,6. drung waterfall
gulmarg,7. strawberry valley
gulmarg,8. ningli nalla
gulmarg,9. st. mary church
gulmarg,10. golf course
gulmarg,11. tangmarg
gulmarg,12. seven springs
gulmarg,13. ziarat of baba reshi
gulmarg,14. gulmarg biosphere reserves
gulmarg,15. kanchenjunga museum
gulmarg,16. children's park
gulmarg,17. khilanmarg
gulmarg,18. imambara goom
gulmarg,19. city shopping
gulmarg,20. ferozpur nallah
gulmarg,21. gulmarg snow festival
almora,1. zero point
almora,2. jageshwar
almora,3. kasar devi
almora,4. chitai temple
almora,5. dunagiri
almora,6. jalna
almora,7. bright end corner
almora,8. binsar
almora,9. katarmal sun temple
almora,10. city shopping
almora,11. deer park
almora,12. rafting in kali sarada
almora,13. kasar devi temple
almora,14. lal bazaar
almora,15. dwarahat village
almora,16. gobind vallabh pant museum
shirdi,1. shri sai baba sansthan temple
shirdi,2. shani shingnapur
shirdi,3. samadhi mandir
shirdi,4. gurusthan
shirdi,5. dwarkamai
shirdi,6. lendi baug
shirdi,7. jangli maharaj ashram
shirdi,8. dixit wada museum
shirdi,9. chavadi
shirdi,10. wet n joy waterpark
shirdi,11. thursday palki procession
shirdi,12. khandoba mandir
shirdi,13. abdul baba cottage
shirdi,14. upasani maharaj ashram
shirdi,15. maruti mandir
shirdi,16. city shopping
shirdi,17. sai heritage village
shirdi,18. adul bada cottage
shirdi,19. house of laxmibai shinde
shirdi,20. shri upasani kanyakumari sthan
shirdi,21. sri tatya kote samadhi
shirdi,22. vp iyer's samadhi
shirdi,23. prasadalaya
shirdi,24. sai teerth
auli,1. skiing in auli
auli,2. trishul peak
auli,3. auli ropeway
auli,4. joshimath
auli,5. gurso bugyal
auli,6. trekking
auli,7. view points
auli,8. camping in auli
auli,9. rudraprayag
auli,10. kwani bugyal
auli,11. chenab lake
auli,12. nandaprayag
madurai,1. meenakshi amman temple
madurai,2. thirumalai nayakar mahal
madurai,3. vaigai dam
madurai,4. alagar koil
madurai,5. meghamalai
madurai,6. samanar hills
madurai,7. gandhi museum
madurai,8. koodal azhagar temple
madurai,9. athisayam
madurai,10. mariamman teppakulam
madurai,11. pazhamudhir solai
madurai,12. tirupparankundram murugan temple
madurai,13. chithirai festival
madurai,14. st maryês cathedral
madurai,15. vandiyur mariamman teppakulam
madurai,16. iskcon madurai
madurai,17. banana market
madurai,18. kazimar big mosque
madurai,19. goripalayam dargah
madurai,20. kutladampatti falls
amarnath,1. amarnath cave
amarnath,2. amarnath yatra
amarnath,3. baltal
amarnath,4. pahalgam
bodh gaya,1. mahabodhi temple
bodh gaya,2. great buddha statue
bodh gaya,3. tibetan refugee market
bodh gaya,4. bodhi tree
bodh gaya,5. thai monastery
bodh gaya,6. mahabodhi temple complex book store
bodh gaya,7. muchalinda lake
bodh gaya,8. royal bhutan monastery
bodh gaya,9. brahmayoni temple
bodh gaya,10. cankamana
bodh gaya,11. chinese temple
bodh gaya,12. indosan nippon japanese temple
bodh gaya," 13. vishnupad temple, gaya "
bodh gaya,14. vietnamese temple
bodh gaya,15. kundan bazaar
bodh gaya,16. jama masjid
bodh gaya,17. dungeshwari hills
bodh gaya,18. root institute for wisdom culture
bodh gaya,19. burmese vihara monastery
bodh gaya,20. sujatha temple
bodh gaya,21. archaeological society of india museum
bodh gaya,22. sujata kuti
bodh gaya,23. bodhgaya multimedia museum
bodh gaya,24. ajapala nigrodha tree
bodh gaya,25. daijokyo buddhist temple
bodh gaya,26. animesh lochana chaitanya shrine
mahabaleshwar,1. elephant's head point
mahabaleshwar,2. chinaman's falls
mahabaleshwar,3. dhobi waterfall
mahabaleshwar,4. arthur's seat
mahabaleshwar,5. venna lake
mahabaleshwar,6. wilson point
mahabaleshwar,7. mahabaleshwar temple
mahabaleshwar,8. panchgani
mahabaleshwar,9. tapola
mahabaleshwar,10. city shopping
mahabaleshwar,11. elphinstone point
mahabaleshwar,12. pratapgad fort trek
mahabaleshwar,13. connaught peak
mahabaleshwar,14. lingmala falls
mahabaleshwar,15. morarji castle
mahabaleshwar,16. helen's point
mahabaleshwar,17. koyna valley trek
mahabaleshwar,18. lodwick point
mahabaleshwar,19. tiger's spring
mahabaleshwar,20. bombay point
mahabaleshwar,21. arthur's seat trek
mahabaleshwar,22. krishnabai temple
mahabaleshwar,23. mapro garden
mahabaleshwar,24. panch ganga temple
mahabaleshwar,25. on wheelz
mahabaleshwar,26. babington point
mahabaleshwar,27. velocity entertainmentz
mahabaleshwar,28. table land
mahabaleshwar,29. marjorie point
mahabaleshwar,30. roman catholic church
mahabaleshwar,31. strawberry festival in mahabaleshwar
visakhapatnam,1. borra caves
visakhapatnam,2. submarine museum
visakhapatnam,3. kailasagiri
visakhapatnam,4. rishikonda beach
visakhapatnam,5. yarada beach
visakhapatnam,6. ramakrishna beach
visakhapatnam,7. dolphin's nose
visakhapatnam,8. katiki waterfalls
visakhapatnam,9. matsyadarshini aquarium
visakhapatnam,10. indira gandhi zoological park
visakhapatnam,11. vuda park (taraka rama)
visakhapatnam,12. simhachalan temple
visakhapatnam,13. lambasingi
visakhapatnam,14. bheemilli beach
visakhapatnam,15. war memorial
visakhapatnam,16. lawson's bay beach
visakhapatnam,17. kambalakonda wildlife sanctuary
visakhapatnam,18. bojjannakonda
visakhapatnam,19. ross hill church
visakhapatnam,20. sagar nagar beach
visakhapatnam,21. tu 142 aircraft museum
visakhapatnam,22. tenneti park
visakhapatnam,23. buddhist excavation
visakhapatnam,24. gangavaram beach
visakhapatnam,25. city shopping
visakhapatnam,26. victory at sea war memorial
visakhapatnam,27. itika pongal
kasol,1. manikaran gurudwara
kasol,2. malana
kasol,3. parvati river
kasol,4. chalal
kasol,5. tosh
kasol,6. camping
kasol,7. magic valley
kasol,8. barshaini
kasol,9. kheerganga trek
kasol,10. rasol
kasol,11. pin parvati pass
kasol,12. the evergreen cafe
kasol,13. pulga
kasol,14. sar pass trek
kasol,15. jim morrison cafe
kasol,16. stone garden cafe
kasol,17. kheerganga waterfall
kasol,18. stargazing
kasol,19. buddha place
kasol,20. flea market
kasol,21. shiv temple
kasol,22. tulga
kasol,23. little italy
nashik,1. panchvati
nashik,2. sula vineyard
nashik,3. dudhsagar falls
nashik,4. saptashrungi
nashik,5. trimbakeshwar
nashik,6. pandavleni caves
nashik,7. sita gufa
nashik,8. anjaneri hills
nashik,9. kapileshwara temple
nashik,10. jain temple
nashik,11. city shopping
nashik,12. gangapur dam
nashik,13. dugarwadi waterfalls
nashik,14. kalaram temple
nashik,15. deolali camp
nashik,16. mulher trek
nashik,17. ahivantgad
nashik,18. salher trek
nashik,19. dhodap trek
nashik,20. muktidham temple
nashik,21. kumbh mela
nashik,22. someshwar temple
nashik,23. navashya ganapati temple
nashik,24. ram kund
nashik,25. artillery museum
nashik,26. balaji devsthan
nashik,27. swami samarth ashram
nashik,28. sundarnarayan temple
nashik,29. vihigaon waterfall
nashik,30. coin museum
nashik,31. sai baba temple
nashik,32. shubham water world
nashik," 33. fun world, nasik "
nashik,34. shagun resort & water park
nashik,35. dabhosa waterfall
nashik,36. sula fest
nashik,37. zonkers adventure park
nashik,38. saptashrungi ropeway
tirupati,1. sri venkateswara temple
tirupati,2. akasaganga teertham
tirupati,3. silathoranam
tirupati,4. swami pushkarini lake
tirupati,5. city shopping
tirupati,6. vedadri narasimha swamy temple
tirupati,7. sri padmavathi ammavari temple
tirupati,8. ttd gardens
tirupati,9. chittoor
tirupati,10. sri venkateswara dhyana vignan mandiram
tirupati,11. sri govindarajaswami temple
tirupati,12. sri varahaswami temple
tirupati,13. sri venugopalaswami temple
tirupati,14. nellore
tirupati,15. iskcon tirupati
tirupati,16. tumburu teertham
tirupati,17. deer park
tirupati,18. kapila teertham
tirupati,19. talakona waterfall
tirupati,20. rock garden
tirupati,21. japali teertham
tirupati,22. papavinasam theertham
tirupati,23. chandragiri palace & fort
tirupati,24. sri bedi ananjaneyaswami temple
tirupati,25. chakra teertham waterfalls
tirupati,26. sri venkateswara national park
tirupati,27. srivari museum
tirupati,28. sri veda nayaranaswami temple
tirupati,29. srivari padalu
tirupati,30. regional science centre
tirupati,31. kanipakam
tirupati,32. vaikuntha teertham
tirupati,33. sri kalyana venkateswaraswami temple
tirupati,34. nagalapuram
tirupati,35. sri prasanna venkateswaraswami temple
tirupati,36. kapila theertham
tirupati,37. highway grand world
tirupati,38. teppotsavam
tirupati,39. brahmotsavam festival in tirupati
tirupati,40. kodandarama swamy temple
ujjain,1. mahakaleshwar temple
ujjain,2. kal bhairava temple
ujjain,3. ram mandir ghat
ujjain,4. kumbh mela
ujjain,5. harsiddhi temple
ujjain,6. kaliadeh palace
ujjain,7. iskcon ujjain temple
ujjain,8. pir matsyendranath
ujjain,9. jantar mantar
ujjain,10. bade ganeshji ka mandir
ujjain,11. bhartrihari caves
ujjain,12. chaubis khamba temple
ujjain,13. chintaman ganesh temple
ujjain,14. ram mandir
ujjain,15. mangalnath temple
ujjain,16. vikram university and park
ujjain,17. sandipani ashram
ujjain,18. gadkalika temple
ujjain,19. gopal mandir
ujjain,20. vikram kirti mandir museum
ujjain,21. kalidasa academy
ujjain,22. shani mandir
ujjain,23. gomti kund
ujjain,24. wwf water park and resort
ujjain,25. meghdoot resort water park and club
ujjain,26. birla mandir
jim corbett national park,1. jungle safari
jim corbett national park,2. corbett waterfall
jim corbett national park,3. river rafting
jim corbett national park,4. dhikala
jim corbett national park,5. birjani
jim corbett national park,6. jhirna
jim corbett national park,7. durga devi zone
jim corbett national park,8. rock climbing in corbett national park
jim corbett national park,9. rappelling in jim corbett
jim corbett national park,10. bird watching at jim corbett national park
jim corbett national park,11. elephant safari at jim corbett
jim corbett national park,12. garjia temple
jim corbett national park,13. corbett museum
jim corbett national park,14. kosi river
jim corbett national park,15. durga mandir temple
jim corbett national park,16. sitabani temple
jim corbett national park,17. gyan yatra
gwalior,1. gwalior fort
gwalior,2. jai vilas palace
gwalior,3. gujari mahal (state archaeological museum)
gwalior,4. man mandir palace
gwalior,5. tomb of tansen
gwalior,6. teli ka mandir
gwalior,7. saas bahu temple
gwalior,8. scindia museum
gwalior,9. tomb of ghaus mohammed
gwalior,10. gwalior zoo
gwalior,11. sun temple
gwalior,12. padavali and bateshwar
gwalior,13. suraj kund
gwalior,14. gwalior trade fair
gwalior,15. tighra dam
gwalior,16. shyam vatika
gwalior,17. sarod ghar (kala vithika)
gwalior,18. boating at tighara dam
gwalior,19. city shopping
gwalior,20. city mall
gwalior,21. roop singh stadium
gwalior,22. mrignayani emporium
gwalior,23. jiyaji chowk bazaar
gwalior,24. patankar bazaar
gwalior,25. arihant emporium
gwalior,26. gurudwara data bandi chhod
gwalior,27. usha kiran palace hotel
gwalior,28. gopachal parvat
gwalior,29. samadhi of rani lakshmi bai
gwalior,30. kuno-palpur wildlife sanctuary
gwalior,31. chhatris of scindia dynasty
gwalior,32. splash the sun city
gwalior,33. old water park
gwalior,34. tansen music festival
mathura,1. sri krishna janmabhoomi temple complex
mathura,2. dwarkadhish temple
mathura,3. gita mandir
mathura,4. govardhan hill
mathura,5. radha kund
mathura,6. rangji temple
mathura,7. kusum sarovar
mathura,8. sri radhavallabh vrindavan temple
mathura,9. ghats
mathura,10. lathmar holi
mathura,11. government museum mathura
mathura,12. jama masjid
mathura,13. kans qila
mathura,14. nandgaon
mathura,15. jaigurudev mandir
mathura,16. bhuteshwar mahadev temple
mathura,17. kokilavan dham
mathura,18. vaishno devi dham
mathura,19. potara kund
mathura,20. gopishvar mahadev temple
mathura,21. chamunda devi temple
mathura,22. dauji mandir
mathura,23. dolphin the water world
mathura,24. barsana
mathura,25. tilak dwar
mathura,26. krishna nagar market
mathura,27. vrindavan
mathura,28. shri nand yashoda bhawan
alibaug,1. alibaug beach
alibaug,2. kolaba fort
alibaug,3. water sports
alibaug,4. murud-janjira fort
alibaug,5. varsoli beach
alibaug,6. villa stay
alibaug,7. kihim beach
alibaug,8. nagaon beach
alibaug,9. akshi beach
alibaug,10. kanakeshwar forest
alibaug,11. kashid beach
alibaug,12. underi fort
alibaug,13. awas beach
alibaug,14. mandwa
alibaug,15. korlai beach
alibaug,16. saswane beach
alibaug,17. raigadi bazaar
alibaug,18. brahma kund
alibaug,19. murud beach
alibaug,20. city shopping
alibaug,21. rewas jetty
alibaug,22. revdanda fort and beach
alibaug,23. vrindavan farm
alibaug,24. kanakeshwar devasthan temple
alibaug,25. nagoba mandir
alibaug,26. hanuman temple
alibaug,27. khanderi island
alibaug,28. karmarkar museum
alibaug,29. sagargad fort
rameshwaram,1. rameshwaram temple
rameshwaram,2. dhanushkodi temple and beach
rameshwaram,3. jatayu tirtham
rameshwaram,4. agnitheertham
rameshwaram,5. lakshmana tirtham
rameshwaram,6. villoondi tirtham
rameshwaram,7. the five-faced hanuman temple
rameshwaram,8. gandhamadhana parvatham
rameshwaram,9. ariyaman beach
rameshwaram,10. silk shopping
rameshwaram,11. annai indira gandhi road bridge
rameshwaram,12. sea world aquarium
rameshwaram,13. kothandaramaswamy temple
rameshwaram,14. jada tirtham
rameshwaram,15. glass boat ride at pamban bridge
rameshwaram,16. abdul kalam house
rameshwaram,17. burial place of abdul kalam
rameshwaram,18. kalam national memorial
rameshwaram,19. kunthu kal beach
rameshwaram,20. nambu nayagiamman temple
rameshwaram,21. thiruppullani
rameshwaram,22. water bird sanctuary
vrindavan,1. banke bihari mandir
vrindavan,2. prem mandir
vrindavan,3. radha raman temple
vrindavan,4. nidhivan
vrindavan,5. iskcon temple
vrindavan,6. govind devji temple
vrindavan,7. sri rangji mandir
vrindavan,8. katyayani peeth
vrindavan,9. nandgaon
vrindavan,10. gokulnanda temple
vrindavan,11. gopishvar mahadev temple
vrindavan,12. shahji temple
vrindavan,13. barsana
vrindavan,14. chamunda devi temple
vrindavan,15. keshi ghat
vrindavan,16. radha damodar temple
vrindavan,17. mathura
vrindavan,18. madan mohan temple
coimbatore,1. vydehi falls
coimbatore,2. adiyogi shiva statue
coimbatore,3. kovai kondattam
coimbatore,4. marudhamalai hill temple
coimbatore,5. ayyappan temple
coimbatore,6. vellingiri hill temple
coimbatore,7. monkey falls
coimbatore,8. voc park and zoo
coimbatore,9. nilgiri biosphere nature park
coimbatore,10. kodiveri dam
coimbatore,11. perur siva temple
coimbatore,12. kovai kutralam falls
coimbatore,13. siruvani falls and dam
coimbatore,14. isha yoga center
coimbatore,15. anubhavi subramaniar temple
coimbatore,16. eachanari vinayagar temple
coimbatore,17. brookefields mall
coimbatore,18. gedee car museum
coimbatore,19. masani amman temple
coimbatore,20. puliakulam vinayagar temple
coimbatore,21. black thunder
coimbatore,22. naga sai mandir
coimbatore,23. ramar temple
coimbatore,24. tnau botanical garden
coimbatore,25. aliyar dam reservoir park
coimbatore,26. nehru park
coimbatore,27. gass forest museum
lucknow,1. bara imambara
lucknow,2. chota imambara
lucknow,3. british residency
lucknow,4. marine drive
lucknow,5. rumi darwaza
lucknow,6. dr. ambedkar park
lucknow,7. lucknow zoo
lucknow,8. hazratganj market
lucknow,9. indira gandhi planetarium lucknow
lucknow,10. shah najaf imambara
lucknow,11. moti mahal
lucknow,12. ramakrishna math
lucknow,13. bithoor
lucknow,14. dream world amusement park
lucknow,15. constantia (la martiniere school)
lucknow,16. anandi water park
lucknow,17. chowk
lucknow,18. dilkusha kothi
lucknow,19. farangi mahal
lucknow,20. gautam buddha park
lucknow,21. shahi baoli
lucknow,22. janeshwar mishra park
lucknow,23. chandrika devi temple
lucknow,24. aminabad
lucknow,25. fun republic mall
lucknow,26. mankameshwar mandir
lucknow,27. husainabad clock tower
lucknow,28. jama masjid
lucknow,29. disney water wonder park
lucknow,30. shaheed smarak
lucknow,31. nawabganj-bird-sanctuary
lucknow,32. picture gallery
lucknow,33. dr ram manohar lohiya park
lucknow,34. chattar manzil
lucknow,35. 1857 memorial museum residency
lucknow,36. dewa sharif
lucknow,37. begum hazrat mahal park
lucknow,38. nilansh theme park
lucknow,39. hathi park
lucknow,40. safed baradari
lucknow,41. tomb of saadat ali khan
lucknow,42. kaiserbagh palace
lucknow,43. sikandar bagh
lucknow,44. amrapali water park
lucknow,45. four seasons fun city
lucknow,46. fun village water park and resort
lucknow,47. scorpio club
digha,1. marine station/aquarium of zoological survey of india
digha,2. new digha beach
digha,3. udaipur beach
digha,4. shankarpur beach
digha,5. talsari beach
digha,6. amarabati park
digha,7. temple at chandaneswar
digha,8. old digha beach
digha,9. chandpur beach
dharamshala,1. dharamshala cricket stadium
dharamshala," 2. namgyal monastery, mcleodganj "
dharamshala,3. triund
dharamshala,4. st. john in the wilderness church
dharamshala,5. library of tibetan works and archives
dharamshala,6. war memorial
dharamshala,7. gyuto monastery
dharamshala,8. bhagsu nath temple
dharamshala,9. dharamshala to mcleodganj ropeway
dharamshala,10. dal lake and nadi
dharamshala,11. dalai lama temple complex
dharamshala," 12. tibet museum, mcleodganj "
dharamshala,13. bhagsu falls
dharamshala,14. tea gardens
dharamshala,15. trekking
dharamshala,16. kalachakra temple
dharamshala,17. jwalamukhi devi temple
dharamshala," 18. tsuglagkhang, mcleodganj "
dharamshala,19. masroor rock cut temple
dharamshala,20. aghanjar mahadev temple
dharamshala,21. dharamshala international film festival
dharamshala,22. kangra art museum
dharamshala,23. dharamkot studio
dharamshala,24. mcleodganj market
dharamshala,25. naam art gallery
dharamshala,26. norbulingka institute
dharamshala,27. paragliding in dharamshala
dharamshala,28. nechung monastery
dharamshala,29. namgyalma stupa
dharamshala,30. indrahar pass trek
dharamshala,31. pong dam
dharamshala,32. nandi view point
dharamshala,33. laka glacier trek
dharamshala,34. lahesh cave trek
dharamshala,35. view of the dhauladhar ranges
dharamshala,36. guna devi temple
kovalam,1. vellayani lake
kovalam,2. water sports in kovalam
kovalam,3. lighthouse beach
kovalam,4. hawah beach
kovalam,5. halcyon castle
kovalam,6. samudra beach
kovalam,7. karamana river
kovalam,8. surfing
kovalam,9. veli tourist village
kovalam,10. vizhinjam rock cut cave temple
kovalam,11. valiyathura pier
kovalam,12. kovalam art gallery
kovalam,13. aruvikkara dam
kovalam,14. artificial off shore coral reef
kovalam,15. thiruvallam parasurama temple
kovalam,16. vizhinjam marine aquarium
kovalam,17. pozhikkara beach
kovalam,18. chowara beach
kovalam,19. ashoka beach
kovalam,20. vizhinjam beach
kovalam,21. kovalam houseboat
kovalam,22. catamaran ride
kovalam,23. ayurvedic massages & spa
kovalam,24. german bakery
madikeri,1. abbey falls
madikeri,2. talacauvery
madikeri,3. namdroling monastery
madikeri,4. raja's seat
madikeri,5. trekking
madikeri,6. gaddige raja's tomb
madikeri,7. madikeri fort
madikeri,8. coffee plantations
madikeri,9. omkareshwara temple
madikeri,10. chingara falls
madikeri,11. chelavara falls
madikeri,12. cauvery nisargadhama
madikeri,13. chettali
madikeri,14. galibeedu trek
madikeri,15. bhagamandala
madikeri,16. dubare elephant training camp
madikeri,17. mandalpatti
madikeri,18. city shopping
matheran,1. louisa point
matheran,2. charlotte lake
matheran,3. monkey point
matheran,4. shivaji's ladder
matheran,5. panorama point
matheran,6. one tree hill point
matheran,7. echo point
matheran,8. neral matheran toy train
matheran,9. ambarnath temple
matheran,10. porcupine point
matheran,11. alexander point
matheran,12. hart point
matheran,13. little chowk point
matheran,14. honeymoon hill
matheran,15. city shopping
matheran,16. rambagh point
matheran,17. prabal fort
matheran,18. belvedere point
matheran,19. king george point
matheran,20. lord point
matheran,21. khandala point
matheran,22. mount barry
matheran,23. malang point
matheran,24. paymaster park
matheran,25. irshalgad fort
matheran,26. pisharnath mahadev mandir
matheran,27. vikatgad peb fort
matheran,28. dhodani waterfalls
matheran,29. rock climbing in matheran
ranthambore,1. ranthambore tiger reserve
ranthambore,2. jeep safari
ranthambore,3. ranthambhore fort
ranthambore,4. ganesh trinetra temple
ranthambore,5. wildlife safari
ranthambore,6. surwal lake
ranthambore,7. jogi mahal
ranthambore,8. akaula region
ranthambore,9. raj bagh ruins
ranthambore,10. kacheeda valley
ranthambore,11. lakarda and anantpura
ranthambore,12. malik talao
ranthambore,13. ranthambore school of art
ranthambore,14. padam lake
ranthambore,15. dastkar ranthambore
ranthambore,16. bird watching
ranthambore,17. raj bagh talao
ranthambore,18. rajiv gandhi regional museum of natural history
ranthambore,19. village women craft
ranthambore,20. wild dragon adventure park
agartala,1. ujjayanta palace
agartala,2. neermahal
agartala,3. jagannath temple
agartala,4. jampui hill
agartala,5. sepahijala wildlife sanctuary
agartala,6. tripura sundari temple
agartala,7. buddha temple
agartala,8. chittangong hills
agartala,9. kunjaban palace
agartala,10. ummaneshwar temple
agartala,11. gondacherra wildlife sanctuary
agartala,12. raima valley
khandala,1. rajmachi fort
khandala,2. visapur fort
khandala,3. bedsa caves
khandala,4. lohagad fort
khandala,5. tiger's leap
khandala,6. duke's nose
khandala,7. kune waterfalls
khandala,8. reversing station
khandala,9. shooting point
khandala,10. city shopping
khandala,11. lion's point
khandala,12. shrivardhan fort
khandala,13. manoranjan fort
khandala,14. bushi dam
khandala,15. shingroba temple
khandala,16. karla and bhaja caves
khandala,17. valvan dam
khandala," 18. celebrity wax museum, lonavala "
khandala," 19. amrutanjan point, lonavala "
khandala,20. tunga fort
khandala,21. lonavala lake
khandala,22. tungarli lake
kalimpong,1. morgan house
kalimpong,2. durpin dara hill
kalimpong,3. cactus nursery
kalimpong,4. deolo hill
kalimpong,5. mangal dham
kalimpong,6. teesta bazar
kalimpong,7. hiking
kalimpong,8. kalimpong science centre
kalimpong,9. lepcha museum
kalimpong,10. nature interpretation centre
kalimpong,11. 7th mile view point
kalimpong,12. himalayan handmade paper industry
kalimpong,13. crockety
kalimpong,14. thongsa gompa
kalimpong,15. neora valley national park
kalimpong,16. jang dog palriffo brang gompa
kalimpong,17. galingka
kalimpong,18. sericulture research institute
kalimpong,19. teesta river rafting
kalimpong,20. tharpa choeling gompa
kalimpong,21. st.theresa catholic church
kalimpong,22. ringking farm
kalimpong,23. art cafe
kalimpong,24. cheese shopping
thanjavur,1. brahadeshwara temple
thanjavur,2. gangaikonda cholapuram
thanjavur,3. shiva ganga garden
thanjavur,4. vijayanagar fort
thanjavur,5. thanjai mamani koil
thanjavur,6. alangudi guru temple
thanjavur,7. chandra bagwan temple
thanjavur,8. bangaru kamakshi amman temple
thanjavur,9. schwartz church
thanjavur,10. swami malai temple
thanjavur,11. saraswathi mahal library
bhubaneswar,1. lingaraj temple
bhubaneswar,2. iskcon temple
bhubaneswar,3. hirakud dam
bhubaneswar,4. parasurameswara temple
bhubaneswar,5. rajarani temple
bhubaneswar,6. bindu sarovara
bhubaneswar,7. orissa state museum
bhubaneswar,8. brahmeshwara temple
bhubaneswar,9. tikarpada wildlife sanctuary
bhubaneswar,10. mukteswara temple
bhubaneswar,11. museum of tribal arts & artefacts
bhubaneswar,12. nandankanan zoological park
bhubaneswar,13. ram mandir
bhubaneswar,14. ekamra kanan
bhubaneswar,15. chausath yogini temple
bhubaneswar,16. kedar gauri temple
bhubaneswar,17. biju patnaik park
bhubaneswar,18. regional museum of natural history
bhubaneswar,19. deras dam
bhubaneswar,20. vaital deul temple
bhubaneswar,21. nicco park
bhubaneswar,22. pathani samanta planetarium
bhubaneswar,23. ananta vasudev temple
bhubaneswar,24. khandagiri caves
bhubaneswar,25. bhaskareswara temple
bhubaneswar,26. ramachandi beach
bhubaneswar,27. ocean world water park
bhubaneswar,28. esplanade one
bhubaneswar,29. gandhi park
bhubaneswar,30. imfa park
bhubaneswar,31. kharavela park
bhubaneswar,32. netaji subhash chandra bose park
bhubaneswar," 33. indira gandhi park, bhubaneswar "
ajmer,1. ajmer sharif
ajmer,2. ana sagar lake
ajmer,3. adhai din ka jhopra
ajmer,4. akbar's palace and museum
ajmer,5. soniji ki nasiyan
ajmer,6. kishangarh city
ajmer,7. city shopping
ajmer,8. foy sagar lake
ajmer,9. durga bagh gardens
ajmer,10. nareli jain temple
ajmer," 11. taragarh fort, bundi "
ajmer,12. clock tower
ajmer,13. abdulla khan's tomb
ajmer,14. mayo college museum
ajmer,15. roopangarh fort
ajmer,16. urs festival
ajmer,17. fort masuda
ajmer,18. sambhar lake
ajmer,19. government museum
ajmer,20. sai baba temple
ajmer,21. bijay niwas palace
ajmer,22. akbari masjid
ajmer,23. prithviraj smarak
aurangabad," 1. ghrishneshwar temple, ellora "
aurangabad,2. bibi-ka-maqbara
aurangabad,3. the ajanta caves
aurangabad,4. ellora caves
aurangabad,5. daulatabad fort
aurangabad,6. aurangabad caves
aurangabad,7. siddharth garden and zoo
aurangabad,8. gul mandi
aurangabad,9. bani begum garden
aurangabad," 10. jain caves, ellora "
aurangabad," 11. the buddhist caves, ellora "
aurangabad,12. panchakki
aurangabad,13. khuldabad
aurangabad," 14. kailasanatha and other temples, ellora "
aurangabad,15. salim ali lake
aurangabad,16. bhadra maruti
aurangabad,17. himroo factory
aurangabad,18. jama masjid
aurangabad,19. dargah of pir ismail
aurangabad,20. killa arak
aurangabad,21. connaught
aurangabad,22. jayakwadi dam
aurangabad,23. tomb of mughal emperor aurangzeb
aurangabad,24. jain temple
aurangabad,25. chatrapati shivaji museum
aurangabad,26. dargah baba shah musafir
aurangabad,27. pitalkhora caves
aurangabad,28. goga baba hill
aurangabad,29. mhaismal
aurangabad,30. hazur sahib nanded
aurangabad,31. sunheri mahal
aurangabad,32. prozone mall
aurangabad,33. himayat bagh
aurangabad,34. naukhanda palace
aurangabad,35. h2o water park
aurangabad,36. ellora ajanta festival
aurangabad,37. gautala wildlife sanctuary
jammu,1. bahu fort
jammu,2. nandini wildlife sanctuary
jammu,3. nathatop
jammu,4. mubarak mandi palace
jammu,5. peer baba dargah
jammu,6. surinsar lake
jammu,7. amar mahal museum
jammu,8. bagh-e-bahu
jammu,9. akhnoor fort
jammu,10. dogra art museum
jammu,11. raghunath bazaar
jammu,12. dargah garib shah
jammu,13. mahamaya temple
jammu,14. ranbireshwar temple
jammu,15. raghunath temple
jammu,16. mansar lake
jammu,17. shivkhori
jammu,18. gole market
jammu,19. poonch fort
jammu,20. vaishno devi
jammu,21. katra
jammu,22. peer kho cave
jammu,23. purmandal
jammu,24. city shopping
jammu,25. bahu mela
jammu,26. mansar food and craft mela
jammu,27. bhairavnath temple
dehradun,1. robber's cave
dehradun,2. sahastradhara
dehradun,3. tapkeshwar temple
dehradun,4. mindrolling monastery
dehradun,5. forest research institute
dehradun,6. paltan bazar
dehradun,7. malsi deer park
dehradun,8. regional science centre dehradun
dehradun,9. pacific mall
dehradun,10. clock tower
dehradun,11. sahastradhara ropeway
dehradun,12. daat kali mandir dehradun
dehradun,13. fun valley
dehradun,14. paonta sahib
dehradun,15. shikhar falls
dehradun,16. subir raha oil museum
dehradun,17. kalinga war memorial
dehradun,18. lacchiwalla
dehradun,19. rajaji national park
dehradun,20. tapovan temple
dehradun,21. har ki dun
dehradun,22. assan barrage
dehradun,23. kedarkantha trek
dehradun,24. maldevta
dehradun,25. sai mandir dehradun
dehradun,26. ram rai gurudwara
dehradun,27. trekking
dehradun,28. tiger view jungle camp
dehradun,29. bali pass
dehradun,30. zonal museum
dehradun,31. fun 'n' food kingdom
dehradun,32. chetwoode hall
dehradun,33. rupin pass trek
dehradun," 34. mall road, mussoorie "
dehradun,35. rafting in tiuni
dehradun,36. kalsi
dehradun,37. joy land water & amusement park
puri,1. sri jagannath puri temple
puri,2. puri beach
puri,3. markandeswara temple
puri,4. narendra tank
puri,5. sudarshan crafts museum
puri,6. pipili
puri,7. sakshi gopal temple
puri,8. chilika lake
puri,9. raghurajpur artist village
puri,10. astaranga beach
puri,11. jagannath rath yatra
puri,12. lakshmi temple
puri,13. swargadwar beach
puri,14. vimala temple
puri,15. gundicha temple
puri,16. lokanath temple
puri,17. ganesh temple
puri,18. alarnatha temple
puri,19. baliharachandi beach
puri,20. daya river
puri,21. baleshwar beach
puri,22. sonar gouranga mandir
puri,23. balighai beach
puri,24. mausima temple
puri,25. golden beach
puri,26. blue splash water park
puri,27. pratyush ocean world
puri,28. nalbana bird sanctuary
cherrapunji,1. double decker living root bridge
cherrapunji,2. dawki
cherrapunji,3. nohkalikai waterfalls
cherrapunji,4. mawlynnong
cherrapunji,5. mawsmai cave
cherrapunji,6. mawsmai falls
cherrapunji,7. the mawkdok dympep valley view
cherrapunji,8. mawsynram
cherrapunji,9. dainthlen waterfall
cherrapunji,10. krem phyllut
cherrapunji,11. nokrek national park
cherrapunji,12. the eco park
cherrapunji,13. nongsawlia
cherrapunji,14. thangkharang park and ka khoh ramhah
cherrapunji,15. khasi monoliths
cherrapunji,16. wakaba falls
bikaner,1. junagarh fort
bikaner,2. karni mata temple
bikaner,3. gajner palace
bikaner,4. lalgarh palace
bikaner,5. rampuriya haveli
bikaner,6. national reserch centre on camel
bikaner,7. camel festival
bikaner,8. bhandasar jain temple
bikaner,9. royal cenotaphs
bikaner,10. kodamdesar temple
bikaner,11. sadul singh museum
bikaner,12. shiv bari temple
bikaner,13. ganga singh museum
bikaner,14. station road
bikaner,15. prachina museum
bikaner,16. sursagar lake
bikaner,17. laxmi niwas palace
bikaner,18. desert safari
bikaner,19. kote gate
bikaner,20. city shopping
bikaner,21. devi kund
bikaner,22. kolayat
bikaner,23. sri laxminath temple
shimoga (shivamogga),1. kodachadri
shimoga (shivamogga),2. jog falls
shimoga (shivamogga),3. agumbe
shimoga (shivamogga),4. honnemaradu
shimoga (shivamogga),5. keladi
shimoga (shivamogga),6. tavarekoppa tiger and lion safari
shimoga (shivamogga),7. sakrebayalu elephant camp
shimoga (shivamogga),8. dabbe falls
shimoga (shivamogga),9. kundadari
shimoga (shivamogga),10. gudavi bird sanctuary
shimoga (shivamogga),11. bhadra river project dam
shimoga (shivamogga),12. tyavarekoppa
shimoga (shivamogga),13. mandagadde bird sanctuary
shimoga (shivamogga),14. gajanur dam
shimoga (shivamogga),15. barkana falls
shimoga (shivamogga),16. onake abbi falls
shimoga (shivamogga),17. shivappa nayaka palace museum
shimoga (shivamogga),18. sacred heart church
shimoga (shivamogga),19. hosahalli
shimoga (shivamogga),20. mattur
shimoga (shivamogga),21. nagara fort
shimoga (shivamogga),22. kunchikal falls
shimoga (shivamogga),23. tunga anicut dam
shimoga (shivamogga),24. kanoor fort
shimoga (shivamogga),25. linganamakki dam
shimoga (shivamogga),26. unchalli falls
shimoga (shivamogga),27. shivaganga falls
shimoga (shivamogga),28. jogigundi falls
shimoga (shivamogga),29. sigandur
shimoga (shivamogga),30. koodli
shimoga (shivamogga),31. pongal
shimoga (shivamogga),32. shiva temple
shimoga (shivamogga),33. shopping in shimoga
shimoga (shivamogga),34. gandhi park
shimoga (shivamogga),35. hidlumane falls
shimoga (shivamogga),36. achakanya falls
shimoga (shivamogga),37. kavaledurga
hogenakkal,1. hogenakkal falls
hogenakkal,2. mettur dam
hogenakkal,3. melagiri hills
hogenakkal,4. boating
hogenakkal,5. pennagram village
hogenakkal,6. theerthamalai temple
hogenakkal,7. hanuman theertham temple
kasauli,1. monkey point
kasauli,2. mall road
kasauli,3. gilbert trail
kasauli,4. sunset point and lover's lane
kasauli,5. christ (anglican) church
kasauli,6. toy train ride
kasauli,7. timber trail
kasauli,8. gurudwara shri guru nanakji
kasauli,9. kasauli brewery
kasauli,10. baptist church
kasauli,11. sri baba balak nath temple
kasauli,12. gurka fort
pushkar,1. pushkar lake
pushkar,2. brahma temple
pushkar,3. savitri temple
pushkar,4. varaha temple
pushkar,5. camel safari in pushkar
pushkar,6. rangji temple
pushkar,7. singh sabha gurudwara
pushkar,8. pushkar mela
pushkar,9. man mahal
pushkar,10. pushkar bazar
pushkar,11. camping in pushkar
pushkar,12. naga pahar
pushkar,13. mahadev temple
pushkar,14. pap mochani temple
pushkar,15. sarafa bazar
pushkar,16. kishangarh
pushkar,17. merta city
pushkar,18. rose garden
pushkar,19. apteshwar temple
pushkar,20. atmeshwar temple
chittorgarh,1. chittorgarh fort
chittorgarh,2. padmini palace
chittorgarh,3. kalika mata temple
chittorgarh,4. gau mukh kund
chittorgarh,5. maha sati
chittorgarh,6. rana kumbha's palace
chittorgarh,7. sitamata wildlife sanctuary
chittorgarh,8. fateh prakash palace
chittorgarh,9. meera temple
chittorgarh,10. bassi wildlife sanctuary
chittorgarh,11. vijay stambh
chittorgarh,12. sathis deori temple
chittorgarh,13. kirti stambh
chittorgarh,14. shyama temple
chittorgarh,15. sanwariaji temple
chittorgarh,16. ratan singh palace
chittorgarh,17. menal
chittorgarh,18. bhainsrorgarh wildlife sanctuary
chittorgarh,19. archaeological museum
nahan,1. renuka lake
nahan,2. suketi fossil park
nahan,3. trekking
nahan,4. jaitak fort
nahan,5. churdhar peak
nahan,6. dhaula kuan
nahan,7. rani tal
nahan,8. fishing
nahan,9. simbalwada wildlife sanctuary
nahan,10. mall road
nahan,11. jaggannath temple
nahan,12. renuka wildlife park
nahan,13. rajbans/sirmouri tal
nahan,14. shopping in nahan
nahan,15. giri nagar
nahan,16. jamu peak
nahan,17. chaugan road
nahan,18. trilokpur temple
nahan,19. kangojodi
nahan,20. nahan bada bazaar
lavasa,1. sightseeing in lavasa
lavasa,2. lakeside promenade
lavasa,3. bamboosa
lavasa,4. temghar dam
lavasa,5. lakeshore watersports
poovar,1. poovar beach
poovar,2. thirparappu falls
poovar,3. vizhinjam
poovar,4. shopping in poovar
poovar,5. the fishing village
poovar,6. cruises
poovar,7. kovalam beach
poovar,8. boat race
poovar,9. ayurveda
